"hungarian"	"total"	"low_order_fee.php"	"text_low_order_fee"	"Low Order Fee"
"hungarian"	"total"	"sub_total.php"	"text_sub_total"	"Sub-Total"
"hungarian"	"total"	"total.php"	"text_total"	"Total"
"hungarian"	"total"	"voucher.php"	"heading_title"	"Use Gift Voucher"
"hungarian"	"total"	"voucher.php"	"text_voucher"	"Voucher(%s)"
"hungarian"	"total"	"voucher.php"	"text_success"	"Success: Your gift voucher discount has been applied!"
"hungarian"	"total"	"voucher.php"	"entry_voucher"	"Enter your gift voucher code here:"
"hungarian"	"total"	"voucher.php"	"error_voucher"	"Warning: Gift Voucher is either invalid or the balance has been used up!"
"hungarian"	"total"	"reward.php"	"heading_title"	"Use Reward Points (Available %s)"
"hungarian"	"total"	"reward.php"	"text_reward"	"Reward Points(%s)"
"hungarian"	"total"	"reward.php"	"text_order_id"	"Order ID: #%s"
"hungarian"	"total"	"reward.php"	"text_success"	"Success: Your reward points discount has been applied!"
"hungarian"	"total"	"reward.php"	"entry_reward"	"Points to use (Max %s):"
"hungarian"	"total"	"reward.php"	"error_empty"	"Warning: Please enter the amount of points you wish to use!"
"hungarian"	"total"	"reward.php"	"error_points"	"Warning: You don't have %s reward points!"
"hungarian"	"total"	"reward.php"	"error_maximum"	"Warning: The maximum number of points that can be applied is %s!"
"hungarian"	"total"	"credit.php"	"text_credit"	"Store Credit"
"hungarian"	"total"	"credit.php"	"text_order_id"	"Order ID: #%s"
"hungarian"	"total"	"shipping.php"	"heading_title"	"Estimate Shipping &amp; Taxes"
"hungarian"	"total"	"shipping.php"	"text_shipping"	"Enter your destination to get a shipping estimate."
"hungarian"	"total"	"shipping.php"	"text_success"	"Success: Your shipping estimate has been applied!"
"hungarian"	"total"	"shipping.php"	"entry_country"	"Country:"
"hungarian"	"total"	"shipping.php"	"entry_zone"	"Region / State:"
"hungarian"	"total"	"shipping.php"	"entry_postcode"	"Post Code:"
"hungarian"	"total"	"shipping.php"	"error_postcode"	"Postcode must be between 2 and 10 characters!"
"hungarian"	"total"	"shipping.php"	"error_country"	"Please select a country!"
"hungarian"	"total"	"shipping.php"	"error_zone"	"Please select a region / state!"
"hungarian"	"total"	"shipping.php"	"error_shipping"	"Warning: Shipping method required!"
"hungarian"	"total"	"shipping.php"	"error_no_shipping"	"Warning: No Shipping options are available. Please <a href=""%s"">contact us</a> for assistance!"
"hungarian"	"total"	"handling.php"	"text_handling"	"Handling Fee"
"hungarian"	"total"	"coupon.php"	"heading_title"	"Apply Discount Code"
"hungarian"	"total"	"coupon.php"	"text_coupon"	"Coupon(%s)"
"hungarian"	"total"	"coupon.php"	"text_success"	"Success: Your coupon discount has been applied!"
"hungarian"	"total"	"coupon.php"	"entry_coupon"	"Enter your coupon here:"
"hungarian"	"total"	"coupon.php"	"error_coupon"	"Warning: Coupon is either invalid, expired or reached it's usage limit!"
"hungarian"	"account"	"order.php"	"heading_title"	"Order History"
"hungarian"	"account"	"order.php"	"text_account"	"Account"
"hungarian"	"account"	"order.php"	"text_order"	"Order Information"
"hungarian"	"account"	"order.php"	"text_order_detail"	"Order Detail"
"hungarian"	"account"	"order.php"	"text_invoice_no"	"Invoice No.:"
"hungarian"	"account"	"order.php"	"text_order_id"	"Order ID:"
"hungarian"	"account"	"order.php"	"text_status"	"Status:"
"hungarian"	"account"	"order.php"	"text_date_added"	"Date Added:"
"hungarian"	"account"	"order.php"	"text_customer"	"Customer:"
"hungarian"	"account"	"order.php"	"text_shipping_address"	"Shipping Address"
"hungarian"	"account"	"order.php"	"text_shipping_method"	"Shipping Method:"
"hungarian"	"account"	"order.php"	"text_payment_address"	"Payment Address"
"hungarian"	"account"	"order.php"	"text_payment_method"	"Payment Method:"
"hungarian"	"account"	"order.php"	"text_products"	"Products:"
"hungarian"	"account"	"order.php"	"text_total"	"Total:"
"hungarian"	"account"	"order.php"	"text_comment"	"Order Comments"
"hungarian"	"account"	"order.php"	"text_history"	"Order History"
"hungarian"	"account"	"order.php"	"text_empty"	"You have not made any previous orders!"
"hungarian"	"account"	"order.php"	"text_error"	"The order you requested could not be found!"
"hungarian"	"account"	"order.php"	"text_action"	"Choose an action:"
"hungarian"	"account"	"order.php"	"text_selected"	"With selected.."
"hungarian"	"account"	"order.php"	"text_reorder"	"Add to Cart"
"hungarian"	"account"	"order.php"	"text_return"	"Return Products"
"hungarian"	"account"	"order.php"	"column_name"	"Product Name"
"hungarian"	"account"	"order.php"	"column_model"	"Model"
"hungarian"	"account"	"order.php"	"column_quantity"	"Quantity"
"hungarian"	"account"	"order.php"	"column_price"	"Price"
"hungarian"	"account"	"order.php"	"column_total"	"Total"
"hungarian"	"account"	"order.php"	"column_date_added"	"Date Added"
"hungarian"	"account"	"order.php"	"column_status"	"Status"
"hungarian"	"account"	"order.php"	"column_comment"	"Comment"
"hungarian"	"account"	"order.php"	"error_warning"	"Warning: you must select some products and an action complete your request!"
"hungarian"	"account"	"reward.php"	"heading_title"	"Your Reward Points"
"hungarian"	"account"	"reward.php"	"column_date_added"	"Date Added"
"hungarian"	"account"	"reward.php"	"column_description"	"Description"
"hungarian"	"account"	"reward.php"	"column_points"	"Points"
"hungarian"	"account"	"reward.php"	"text_account"	"Account"
"hungarian"	"account"	"reward.php"	"text_reward"	"Reward Points"
"hungarian"	"account"	"reward.php"	"text_total"	"Your total number of reward points is:"
"hungarian"	"account"	"reward.php"	"text_empty"	"You do not have any reward points!"
"hungarian"	"account"	"transaction.php"	"heading_title"	"Your Transactions"
"hungarian"	"account"	"transaction.php"	"column_date_added"	"Date Added"
"hungarian"	"account"	"transaction.php"	"column_description"	"Description"
"hungarian"	"account"	"transaction.php"	"column_amount"	"Amount (%s)"
"hungarian"	"account"	"transaction.php"	"text_account"	"Account"
"hungarian"	"account"	"transaction.php"	"text_transaction"	"Your Transactions"
"hungarian"	"account"	"transaction.php"	"text_total"	"Your current balance is:"
"hungarian"	"account"	"transaction.php"	"text_empty"	"You do not have any transactions!"
"hungarian"	"account"	"newsletter.php"	"heading_title"	"Newsletter Subscription"
"hungarian"	"account"	"newsletter.php"	"text_account"	"Account"
"hungarian"	"account"	"newsletter.php"	"text_newsletter"	"Newsletter"
"hungarian"	"account"	"newsletter.php"	"text_success"	"Success: Your newsletter subscription has been successfully updated!"
"hungarian"	"account"	"newsletter.php"	"entry_newsletter"	"Subscribe:"
"hungarian"	"account"	"wishlist.php"	"heading_title"	"My Wish List"
"hungarian"	"account"	"wishlist.php"	"text_account"	"Account"
"hungarian"	"account"	"wishlist.php"	"text_instock"	"In Stock"
"hungarian"	"account"	"wishlist.php"	"text_success"	"Success: You have added <a href=""%s"">%s</a> to your <a href=""%s"">wish list</a>!"
"hungarian"	"account"	"wishlist.php"	"text_wishlist"	"Wish List (%s)"
"hungarian"	"account"	"wishlist.php"	"text_login"	"You must <a href=""%s"">login</a> or <a href=""%s"">create an account</a> to save <a href=""%s"">%s</a> to your <a href=""%s""> wish list</a>!"
"hungarian"	"account"	"wishlist.php"	"text_empty"	"Your wish list is empty."
"hungarian"	"account"	"wishlist.php"	"column_remove"	"Remove"
"hungarian"	"account"	"wishlist.php"	"column_image"	"Image"
"hungarian"	"account"	"wishlist.php"	"column_name"	"Product Name"
"hungarian"	"account"	"wishlist.php"	"column_model"	"Model"
"hungarian"	"account"	"wishlist.php"	"column_stock"	"Stock"
"hungarian"	"account"	"wishlist.php"	"column_price"	"Unit Price"
"hungarian"	"account"	"wishlist.php"	"column_cart"	"Buy Now"
"hungarian"	"account"	"address.php"	"heading_title"	"Address Book"
"hungarian"	"account"	"address.php"	"text_account"	"Account"
"hungarian"	"account"	"address.php"	"text_address_book"	"Address Book Entries"
"hungarian"	"account"	"address.php"	"text_edit_address"	"Edit Address"
"hungarian"	"account"	"address.php"	"text_insert"	"Your address has been successfully inserted"
"hungarian"	"account"	"address.php"	"text_update"	"Your address has been successfully updated"
"hungarian"	"account"	"address.php"	"text_delete"	"Your address has been successfully deleted"
"hungarian"	"account"	"address.php"	"entry_firstname"	"First Name:"
"hungarian"	"account"	"address.php"	"entry_lastname"	"Last Name:"
"hungarian"	"account"	"address.php"	"entry_company"	"Company:"
"hungarian"	"account"	"address.php"	"entry_address_1"	"Address 1:"
"hungarian"	"account"	"address.php"	"entry_address_2"	"Address 2:"
"hungarian"	"account"	"address.php"	"entry_postcode"	"Post Code:"
"hungarian"	"account"	"address.php"	"entry_city"	"City:"
"hungarian"	"account"	"address.php"	"entry_country"	"Country:"
"hungarian"	"account"	"address.php"	"entry_zone"	"Region / State:"
"hungarian"	"account"	"address.php"	"entry_default"	"Default Address:"
"hungarian"	"account"	"address.php"	"error_delete"	"Warning: You must have at least one address!"
"hungarian"	"account"	"address.php"	"error_default"	"Warning: You can not delete your default address!"
"hungarian"	"account"	"address.php"	"error_firstname"	"First Name must be between 1 and 32 characters!"
"hungarian"	"account"	"address.php"	"error_lastname"	"Last Name must be between 1 and 32 characters!"
"hungarian"	"account"	"address.php"	"error_address_1"	"Address must be between 3 and 128 characters!"
"hungarian"	"account"	"address.php"	"error_postcode"	"Postcode must be between 2 and 10 characters!"
"hungarian"	"account"	"address.php"	"error_city"	"City must be between 2 and 128 characters!"
"hungarian"	"account"	"address.php"	"error_country"	"Please select a country!"
"hungarian"	"account"	"address.php"	"error_zone"	"Please select a region / state!"
"hungarian"	"account"	"login.php"	"heading_title"	"Account Login"
"hungarian"	"account"	"login.php"	"text_account"	"Account"
"hungarian"	"account"	"login.php"	"text_login"	"Login"
"hungarian"	"account"	"login.php"	"text_new_customer"	"New Customer"
"hungarian"	"account"	"login.php"	"text_register"	"Register Account"
"hungarian"	"account"	"login.php"	"text_register_account"	"By creating an account you will be able to shop faster, be up to date on an order's status, and keep track of the orders you have previously made."
"hungarian"	"account"	"login.php"	"text_returning_customer"	"Returning Customer"
"hungarian"	"account"	"login.php"	"text_i_am_returning_customer"	"I am a returning customer"
"hungarian"	"account"	"login.php"	"text_forgotten"	"Forgotten Password"
"hungarian"	"account"	"login.php"	"entry_email"	"E-Mail Address:"
"hungarian"	"account"	"login.php"	"entry_password"	"Password:"
"hungarian"	"account"	"login.php"	"error_login"	"Warning: No match for E-Mail Address and/or Password."
"hungarian"	"account"	"return.php"	"heading_title"	"Product Returns"
"hungarian"	"account"	"return.php"	"text_account"	"Account"
"hungarian"	"account"	"return.php"	"text_return"	"Return Information"
"hungarian"	"account"	"return.php"	"text_description"	"<p>Please complete the form below to request an RMA number.</p>"
"hungarian"	"account"	"return.php"	"text_order"	"Order Information"
"hungarian"	"account"	"return.php"	"text_product"	"Product Information &amp; Reason for Return"
"hungarian"	"account"	"return.php"	"text_additional"	"Additional Information"
"hungarian"	"account"	"return.php"	"text_message"	"<p>Thank you for submitting your return request. Your request has been sent to the relevant department for processing.</p><p> You will be notified via e-mail as to the status of your request.</p>"
"hungarian"	"account"	"return.php"	"text_return_id"	"Return ID:"
"hungarian"	"account"	"return.php"	"text_order_id"	"Order ID:"
"hungarian"	"account"	"return.php"	"text_date_ordered"	"Order Date:"
"hungarian"	"account"	"return.php"	"text_status"	"Status:"
"hungarian"	"account"	"return.php"	"text_date_added"	"Date Added:"
"hungarian"	"account"	"return.php"	"text_customer"	"Customer:"
"hungarian"	"account"	"return.php"	"text_comment"	"Return Comments"
"hungarian"	"account"	"return.php"	"text_products"	"Products:"
"hungarian"	"account"	"return.php"	"text_history"	"Return History"
"hungarian"	"account"	"return.php"	"text_empty"	"You have not made any previous returns!"
"hungarian"	"account"	"return.php"	"text_error"	"The returns you requested could not be found!"
"hungarian"	"account"	"return.php"	"column_name"	"Product Name"
"hungarian"	"account"	"return.php"	"column_model"	"Model"
"hungarian"	"account"	"return.php"	"column_quantity"	"Quantity"
"hungarian"	"account"	"return.php"	"column_price"	"Price"
"hungarian"	"account"	"return.php"	"column_opened"	"Opened"
"hungarian"	"account"	"return.php"	"column_comment"	"Comment"
"hungarian"	"account"	"return.php"	"column_reason"	"Reason"
"hungarian"	"account"	"return.php"	"column_action"	"Action"
"hungarian"	"account"	"return.php"	"column_date_added"	"Date Added"
"hungarian"	"account"	"return.php"	"column_status"	"Status"
"hungarian"	"account"	"return.php"	"entry_order_id"	"Order ID:"
"hungarian"	"account"	"return.php"	"entry_date_ordered"	"Order Date:"
"hungarian"	"account"	"return.php"	"entry_firstname"	"First Name:"
"hungarian"	"account"	"return.php"	"entry_lastname"	"Last Name:"
"hungarian"	"account"	"return.php"	"entry_email"	"E-Mail:"
"hungarian"	"account"	"return.php"	"entry_telephone"	"Telephone:"
"hungarian"	"account"	"return.php"	"entry_product"	"Product Name:"
"hungarian"	"account"	"return.php"	"entry_model"	"Product Code:"
"hungarian"	"account"	"return.php"	"entry_quantity"	"Quantity:"
"hungarian"	"account"	"return.php"	"entry_reason"	"Reason for Return:"
"hungarian"	"account"	"return.php"	"entry_opened"	"Product is opened:"
"hungarian"	"account"	"return.php"	"entry_fault_detail"	"Faulty or other details:"
"hungarian"	"account"	"return.php"	"entry_captcha"	"Enter the code in the box below:"
"hungarian"	"account"	"return.php"	"error_order_id"	"Order ID required!"
"hungarian"	"account"	"return.php"	"error_firstname"	"First Name must be between 1 and 32 characters!"
"hungarian"	"account"	"return.php"	"error_lastname"	"Last Name must be between 1 and 32 characters!"
"hungarian"	"account"	"return.php"	"error_email"	"E-Mail Address does not appear to be valid!"
"hungarian"	"account"	"return.php"	"error_telephone"	"Telephone must be between 3 and 32 characters!"
"hungarian"	"account"	"return.php"	"error_product"	"You must select at least one product!"
"hungarian"	"account"	"return.php"	"error_name"	"Product Name must be greater than 3 and less than 255 characters!"
"hungarian"	"account"	"return.php"	"error_model"	"Product Model must be greater than 3 and less than 64 characters!"
"hungarian"	"account"	"return.php"	"error_reason"	"You must select at a return product reason!"
"hungarian"	"account"	"return.php"	"error_captcha"	"Verification code does not match the image!"
"hungarian"	"account"	"download.php"	"heading_title"	"Account Downloads"
"hungarian"	"account"	"download.php"	"text_account"	"Account"
"hungarian"	"account"	"download.php"	"text_downloads"	"Downloads"
"hungarian"	"account"	"download.php"	"text_order"	"Order ID:"
"hungarian"	"account"	"download.php"	"text_date_added"	"Date Added:"
"hungarian"	"account"	"download.php"	"text_name"	"Name:"
"hungarian"	"account"	"download.php"	"text_remaining"	"Remaining:"
"hungarian"	"account"	"download.php"	"text_size"	"Size:"
"hungarian"	"account"	"download.php"	"text_download"	"Download"
"hungarian"	"account"	"download.php"	"text_empty"	"You have not made any previous downloadable orders!"
"hungarian"	"account"	"edit.php"	"heading_title"	"My Account Information"
"hungarian"	"account"	"edit.php"	"text_account"	"Account"
"hungarian"	"account"	"edit.php"	"text_edit"	"Edit Information"
"hungarian"	"account"	"edit.php"	"text_your_details"	"Your Personal Details"
"hungarian"	"account"	"edit.php"	"text_success"	"Success: Your account has been successfully updated."
"hungarian"	"account"	"edit.php"	"entry_firstname"	"First Name:"
"hungarian"	"account"	"edit.php"	"entry_lastname"	"Last Name:"
"hungarian"	"account"	"edit.php"	"entry_email"	"E-Mail:"
"hungarian"	"account"	"edit.php"	"entry_telephone"	"Telephone:"
"hungarian"	"account"	"edit.php"	"entry_fax"	"Fax:"
"hungarian"	"account"	"edit.php"	"error_exists"	"Warning: E-Mail address is already registered!"
"hungarian"	"account"	"edit.php"	"error_firstname"	"First Name must be between 1 and 32 characters!"
"hungarian"	"account"	"edit.php"	"error_lastname"	"Last Name must be between 1 and 32 characters!"
"hungarian"	"account"	"edit.php"	"error_email"	"E-Mail Address does not appear to be valid!"
"hungarian"	"account"	"edit.php"	"error_telephone"	"Telephone must be between 3 and 32 characters!"
"hungarian"	"account"	"success.php"	"heading_title"	"Your Account Has Been Created!"
"hungarian"	"account"	"success.php"	"text_message"	"<p>Congratulations! Your new account has been successfully created!</p> <p>You can now take advantage of member privileges to enhance your online shopping experience with us.</p> <p>If you have ANY questions about the operation of this online shop, please email the store owner.</p> <p>A confirmation has been sent to the provided email address. If you have not received it within the hour, please <a href=""%s"">contact us</a>.</p>"
"hungarian"	"account"	"success.php"	"text_approval"	"<p>Thank you for registering with %s!</p><p>You will be notified by email once your account has been activated by the store owner.</p><p>If you have ANY questions about the operation of this online shop, please <a href=""%s"">contact the store owner</a>.</p>"
"hungarian"	"account"	"success.php"	"text_account"	"Account"
"hungarian"	"account"	"success.php"	"text_success"	"Success"
"hungarian"	"account"	"register.php"	"heading_title"	"Register Account"
"hungarian"	"account"	"register.php"	"text_account"	"Account"
"hungarian"	"account"	"register.php"	"text_register"	"Register"
"hungarian"	"account"	"register.php"	"text_account_already"	"If you already have an account with us, please login at the <a href=""%s"">login page</a>."
"hungarian"	"account"	"register.php"	"text_your_details"	"Your Personal Details"
"hungarian"	"account"	"register.php"	"text_your_address"	"Your Address"
"hungarian"	"account"	"register.php"	"text_newsletter"	"Newsletter"
"hungarian"	"account"	"register.php"	"text_your_password"	"Your Password"
"hungarian"	"account"	"register.php"	"text_agree"	"I have read and agree to the <a class=""fancybox"" href=""%s"" alt=""%s""><b>%s</b></a>"
"hungarian"	"account"	"register.php"	"entry_firstname"	"First Name:"
"hungarian"	"account"	"register.php"	"entry_lastname"	"Last Name:"
"hungarian"	"account"	"register.php"	"entry_email"	"E-Mail:"
"hungarian"	"account"	"register.php"	"entry_telephone"	"Telephone:"
"hungarian"	"account"	"register.php"	"entry_fax"	"Fax:"
"hungarian"	"account"	"register.php"	"entry_company"	"Company:"
"hungarian"	"account"	"register.php"	"entry_address_1"	"Address 1:"
"hungarian"	"account"	"register.php"	"entry_address_2"	"Address 2:"
"hungarian"	"account"	"register.php"	"entry_postcode"	"Post Code:"
"hungarian"	"account"	"register.php"	"entry_city"	"City:"
"hungarian"	"account"	"register.php"	"entry_country"	"Country:"
"hungarian"	"account"	"register.php"	"entry_zone"	"Region / State:"
"hungarian"	"account"	"register.php"	"entry_newsletter"	"Subscribe:"
"hungarian"	"account"	"register.php"	"entry_password"	"Password:"
"hungarian"	"account"	"register.php"	"entry_confirm"	"Password Confirm:"
"hungarian"	"account"	"register.php"	"error_exists"	"Warning: E-Mail Address is already registered!"
"hungarian"	"account"	"register.php"	"error_firstname"	"First Name must be between 1 and 32 characters!"
"hungarian"	"account"	"register.php"	"error_lastname"	"Last Name must be between 1 and 32 characters!"
"hungarian"	"account"	"register.php"	"error_email"	"E-Mail Address does not appear to be valid!"
"hungarian"	"account"	"register.php"	"error_telephone"	"Telephone must be between 3 and 32 characters!"
"hungarian"	"account"	"register.php"	"error_password"	"Password must be between 4 and 20 characters!"
"hungarian"	"account"	"register.php"	"error_confirm"	"Password confirmation does not match password!"
"hungarian"	"account"	"register.php"	"error_address_1"	"Address 1 must be between 3 and 128 characters!"
"hungarian"	"account"	"register.php"	"error_city"	"City must be between 2 and 128 characters!"
"hungarian"	"account"	"register.php"	"error_postcode"	"Postcode must be between 2 and 10 characters!"
"hungarian"	"account"	"register.php"	"error_country"	"Please select a country!"
"hungarian"	"account"	"register.php"	"error_zone"	"Please select a region / state!"
"hungarian"	"account"	"register.php"	"error_agree"	"Warning: You must agree to the %s!"
"hungarian"	"account"	"account.php"	"heading_title"	"My Account"
"hungarian"	"account"	"account.php"	"text_account"	"Account"
"hungarian"	"account"	"account.php"	"text_my_account"	"My Account"
"hungarian"	"account"	"account.php"	"text_my_orders"	"My Orders"
"hungarian"	"account"	"account.php"	"text_my_newsletter"	"Newsletter"
"hungarian"	"account"	"account.php"	"text_edit"	"Edit your account information"
"hungarian"	"account"	"account.php"	"text_password"	"Change your password"
"hungarian"	"account"	"account.php"	"text_address"	"Modify your address book entries"
"hungarian"	"account"	"account.php"	"text_wishlist"	"Modify your wish list"
"hungarian"	"account"	"account.php"	"text_order"	"View your order history"
"hungarian"	"account"	"account.php"	"text_download"	"Downloads"
"hungarian"	"account"	"account.php"	"text_reward"	"Your Reward Points"
"hungarian"	"account"	"account.php"	"text_return"	"View your return requests"
"hungarian"	"account"	"account.php"	"text_transaction"	"Your Transactions"
"hungarian"	"account"	"account.php"	"text_newsletter"	"Subscribe / unsubscribe to newsletter"
"hungarian"	"account"	"password.php"	"heading_title"	"Change Password"
"hungarian"	"account"	"password.php"	"text_account"	"Account"
"hungarian"	"account"	"password.php"	"text_password"	"Your Password"
"hungarian"	"account"	"password.php"	"text_success"	"Success: Your password has been successfully updated."
"hungarian"	"account"	"password.php"	"entry_password"	"Password:"
"hungarian"	"account"	"password.php"	"entry_confirm"	"Password Confirm:"
"hungarian"	"account"	"password.php"	"error_password"	"Password must be between 4 and 20 characters!"
"hungarian"	"account"	"password.php"	"error_confirm"	"Password confirmation does not match password!"
"hungarian"	"account"	"forgotten.php"	"heading_title"	"Forgot Your Password?"
"hungarian"	"account"	"forgotten.php"	"text_account"	"Account"
"hungarian"	"account"	"forgotten.php"	"text_forgotten"	"Forgotten Password"
"hungarian"	"account"	"forgotten.php"	"text_your_email"	"Your E-Mail Address"
"hungarian"	"account"	"forgotten.php"	"text_email"	"Enter the e-mail address associated with your account. Click submit to have your password e-mailed to you."
"hungarian"	"account"	"forgotten.php"	"text_success"	"Success: A new password has been sent to your e-mail address."
"hungarian"	"account"	"forgotten.php"	"entry_email"	"E-Mail Address:"
"hungarian"	"account"	"forgotten.php"	"error_email"	"Warning: The E-Mail Address was not found in our records, please try again!"
"hungarian"	"account"	"logout.php"	"heading_title"	"Account Logout"
"hungarian"	"account"	"logout.php"	"text_message"	"<p>You have been logged off your account. It is now safe to leave the computer.</p><p>Your shopping cart has been saved, the items inside it will be restored whenever you log back into your account.</p>"
"hungarian"	"account"	"logout.php"	"text_account"	"Account"
"hungarian"	"account"	"logout.php"	"text_logout"	"Logout"
"hungarian"	"shipping"	"royal_mail.php"	"text_title"	"Royal Mail"
"hungarian"	"shipping"	"royal_mail.php"	"text_weight"	"Weight:"
"hungarian"	"shipping"	"royal_mail.php"	"text_insurance"	"Insured upto:"
"hungarian"	"shipping"	"royal_mail.php"	"text_1st_class_standard"	"First Class Standard Post"
"hungarian"	"shipping"	"royal_mail.php"	"text_1st_class_recorded"	"First Class Recorded Post"
"hungarian"	"shipping"	"royal_mail.php"	"text_2nd_class_standard"	"Second Class Standard Post"
"hungarian"	"shipping"	"royal_mail.php"	"text_2nd_class_recorded"	"Second Class Recorded Post"
"hungarian"	"shipping"	"royal_mail.php"	"text_special_delivery_500"	"Special Delivery Next Day (&pound;500)"
"hungarian"	"shipping"	"royal_mail.php"	"text_special_delivery_1000"	"Special Delivery Next Day (&pound;1000)"
"hungarian"	"shipping"	"royal_mail.php"	"text_special_delivery_2500"	"Special Delivery Next Day (&pound;2500)"
"hungarian"	"shipping"	"royal_mail.php"	"text_standard_parcels"	"Standard Parcels"
"hungarian"	"shipping"	"royal_mail.php"	"text_airmail"	"Airmail"
"hungarian"	"shipping"	"royal_mail.php"	"text_international_signed"	"International Signed"
"hungarian"	"shipping"	"royal_mail.php"	"text_airsure"	"Airsure"
"hungarian"	"shipping"	"royal_mail.php"	"text_surface"	"Surface"
"hungarian"	"shipping"	"citylink.php"	"text_title"	"Citylink"
"hungarian"	"shipping"	"citylink.php"	"text_weight"	"Weight:"
"hungarian"	"shipping"	"ups.php"	"text_title"	"United Parcel Service"
"hungarian"	"shipping"	"ups.php"	"text_weight"	"Weight:"
"hungarian"	"shipping"	"ups.php"	"text_us_origin_01"	"UPS Next Day Air"
"hungarian"	"shipping"	"ups.php"	"text_us_origin_02"	"UPS 2nd Day Air"
"hungarian"	"shipping"	"ups.php"	"text_us_origin_03"	"UPS Ground"
"hungarian"	"shipping"	"ups.php"	"text_us_origin_07"	"UPS Worldwide Express"
"hungarian"	"shipping"	"ups.php"	"text_us_origin_08"	"UPS Worldwide Expedited"
"hungarian"	"shipping"	"ups.php"	"text_us_origin_11"	"UPS Standard"
"hungarian"	"shipping"	"ups.php"	"text_us_origin_12"	"UPS 3 Day Select"
"hungarian"	"shipping"	"ups.php"	"text_us_origin_13"	"UPS Next Day Air Saver"
"hungarian"	"shipping"	"ups.php"	"text_us_origin_14"	"UPS Next Day Air Early A.M."
"hungarian"	"shipping"	"ups.php"	"text_us_origin_54"	"UPS Worldwide Express Plus"
"hungarian"	"shipping"	"ups.php"	"text_us_origin_59"	"UPS 2nd Day Air A.M."
"hungarian"	"shipping"	"ups.php"	"text_us_origin_65"	"UPS Saver"
"hungarian"	"shipping"	"ups.php"	"text_ca_origin_01"	"UPS Express"
"hungarian"	"shipping"	"ups.php"	"text_ca_origin_02"	"UPS Expedited"
"hungarian"	"shipping"	"ups.php"	"text_ca_origin_07"	"UPS Worldwide Express"
"hungarian"	"shipping"	"ups.php"	"text_ca_origin_08"	"UPS Worldwide Expedited"
"hungarian"	"shipping"	"ups.php"	"text_ca_origin_11"	"UPS Standard"
"hungarian"	"shipping"	"ups.php"	"text_ca_origin_12"	"UPS 3 Day Select"
"hungarian"	"shipping"	"ups.php"	"text_ca_origin_13"	"UPS Saver"
"hungarian"	"shipping"	"ups.php"	"text_ca_origin_14"	"UPS Express Early A.M."
"hungarian"	"shipping"	"ups.php"	"text_ca_origin_54"	"UPS Worldwide Express Plus"
"hungarian"	"shipping"	"ups.php"	"text_ca_origin_65"	"UPS Saver"
"hungarian"	"shipping"	"ups.php"	"text_eu_origin_07"	"UPS Worldwide Express"
"hungarian"	"shipping"	"ups.php"	"text_eu_origin_08"	"UPS Worldwide Expedited"
"hungarian"	"shipping"	"ups.php"	"text_eu_origin_11"	"UPS Standard"
"hungarian"	"shipping"	"ups.php"	"text_eu_origin_54"	"UPS Worldwide Express Plus"
"hungarian"	"shipping"	"ups.php"	"text_eu_origin_65"	"UPS Saver"
"hungarian"	"shipping"	"ups.php"	"text_eu_origin_82"	"UPS Today Standard"
"hungarian"	"shipping"	"ups.php"	"text_eu_origin_83"	"UPS Today Dedicated Courier"
"hungarian"	"shipping"	"ups.php"	"text_eu_origin_84"	"UPS Today Intercity"
"hungarian"	"shipping"	"ups.php"	"text_eu_origin_85"	"UPS Today Express"
"hungarian"	"shipping"	"ups.php"	"text_eu_origin_86"	"UPS Today Express Saver"
"hungarian"	"shipping"	"ups.php"	"text_eu_origin_01"	"UPS Next Day Air"
"hungarian"	"shipping"	"ups.php"	"text_eu_origin_02"	"UPS 2nd Day Air"
"hungarian"	"shipping"	"ups.php"	"text_eu_origin_03"	"UPS Ground"
"hungarian"	"shipping"	"ups.php"	"text_eu_origin_14"	"UPS Next Day Air Early A.M."
"hungarian"	"shipping"	"ups.php"	"text_mx_origin_07"	"UPS Express"
"hungarian"	"shipping"	"ups.php"	"text_mx_origin_08"	"UPS Expedited"
"hungarian"	"shipping"	"ups.php"	"text_mx_origin_54"	"UPS Express Plus"
"hungarian"	"shipping"	"ups.php"	"text_mx_origin_65"	"UPS Saver"
"hungarian"	"shipping"	"ups.php"	"text_other_origin_07"	"UPS Express"
"hungarian"	"shipping"	"ups.php"	"text_other_origin_08"	"UPS Worldwide Expedited"
"hungarian"	"shipping"	"ups.php"	"text_other_origin_11"	"UPS Standard"
"hungarian"	"shipping"	"ups.php"	"text_other_origin_54"	"UPS Worldwide Express Plus"
"hungarian"	"shipping"	"ups.php"	"text_other_origin_65"	"UPS Saver"
"hungarian"	"shipping"	"free.php"	"text_title"	"Free Shipping"
"hungarian"	"shipping"	"free.php"	"text_description"	"Free Shipping"
"hungarian"	"shipping"	"item.php"	"text_title"	"Per Item"
"hungarian"	"shipping"	"item.php"	"text_description"	"Per Item Shipping Rate"
"hungarian"	"shipping"	"parcelforce_48.php"	"text_title"	"Parcelforce 48"
"hungarian"	"shipping"	"parcelforce_48.php"	"text_description"	"Parcelforce 48"
"hungarian"	"shipping"	"parcelforce_48.php"	"text_weight"	"Weight:"
"hungarian"	"shipping"	"parcelforce_48.php"	"text_insurance"	"Insured upto:"
"hungarian"	"shipping"	"parcelforce_48.php"	"text_time"	"Estimated Time: Within 48 Hours"
"hungarian"	"shipping"	"pickup.php"	"text_title"	"Pickup"
"hungarian"	"shipping"	"pickup.php"	"text_description"	"Pickup From Store"
"hungarian"	"shipping"	"weight.php"	"text_title"	"Weight Based Shipping"
"hungarian"	"shipping"	"weight.php"	"text_weight"	"Weight:"
"hungarian"	"shipping"	"flat.php"	"text_title"	"Flat Rate"
"hungarian"	"shipping"	"flat.php"	"text_description"	"Flat Shipping Rate"
"hungarian"	"shipping"	"usps.php"	"text_title"	"United States Postal Service"
"hungarian"	"shipping"	"usps.php"	"text_weight"	"Weight:"
"hungarian"	"shipping"	"usps.php"	"text_eta"	"Estimated Time:"
"hungarian"	"module"	"category.php"	"heading_title"	"Categories"
"hungarian"	"module"	"welcome.php"	"heading_title"	"Welcome to %s"
"hungarian"	"module"	"bestseller.php"	"heading_title"	"Bestsellers"
"hungarian"	"module"	"bestseller.php"	"text_reviews"	"Based on %s reviews."
"hungarian"	"module"	"affiliate.php"	"heading_title"	"Affiliate"
"hungarian"	"module"	"affiliate.php"	"text_register"	"Register"
"hungarian"	"module"	"affiliate.php"	"text_login"	"Login"
"hungarian"	"module"	"affiliate.php"	"text_logout"	"Logout"
"hungarian"	"module"	"affiliate.php"	"text_forgotten"	"Forgotten Password"
"hungarian"	"module"	"affiliate.php"	"text_account"	"My Account"
"hungarian"	"module"	"affiliate.php"	"text_edit"	"Edit Account"
"hungarian"	"module"	"affiliate.php"	"text_password"	"Password"
"hungarian"	"module"	"affiliate.php"	"text_payment"	"Payment Options"
"hungarian"	"module"	"affiliate.php"	"text_tracking"	"Affiliate Tracking"
"hungarian"	"module"	"affiliate.php"	"text_transaction"	"Transactions"
"hungarian"	"module"	"latest.php"	"heading_title"	"Latest"
"hungarian"	"module"	"latest.php"	"text_reviews"	"Based on %s reviews."
"hungarian"	"module"	"featured.php"	"heading_title"	"Featured"
"hungarian"	"module"	"featured.php"	"text_reviews"	"Based on %s reviews."
"hungarian"	"module"	"special.php"	"heading_title"	"Specials"
"hungarian"	"module"	"special.php"	"text_reviews"	"Based on %s reviews."
"hungarian"	"module"	"store.php"	"heading_title"	"Choose a Store"
"hungarian"	"module"	"store.php"	"text_default"	"Default"
"hungarian"	"module"	"store.php"	"text_store"	"Please choose the store you wish to visit."
"hungarian"	"module"	"account.php"	"heading_title"	"Account"
"hungarian"	"module"	"account.php"	"text_register"	"Register"
"hungarian"	"module"	"account.php"	"text_login"	"Login"
"hungarian"	"module"	"account.php"	"text_logout"	"Logout"
"hungarian"	"module"	"account.php"	"text_forgotten"	"Forgotten Password"
"hungarian"	"module"	"account.php"	"text_account"	"My Account"
"hungarian"	"module"	"account.php"	"text_edit"	"Edit Account"
"hungarian"	"module"	"account.php"	"text_password"	"Password"
"hungarian"	"module"	"account.php"	"text_wishlist"	"Wish List"
"hungarian"	"module"	"account.php"	"text_order"	"Order History"
"hungarian"	"module"	"account.php"	"text_download"	"Downloads"
"hungarian"	"module"	"account.php"	"text_return"	"Returns"
"hungarian"	"module"	"account.php"	"text_transaction"	"Transactions"
"hungarian"	"module"	"account.php"	"text_newsletter"	"Newsletter"
"hungarian"	"module"	"google_talk.php"	"heading_title"	"Live Chat"
"hungarian"	"module"	"information.php"	"heading_title"	"Information"
"hungarian"	"module"	"information.php"	"text_contact"	"Contact Us"
"hungarian"	"module"	"information.php"	"text_sitemap"	"Site Map"
"hungarian"	"mail"	"order.php"	"text_new_subject"	"%s - Order %s"
"hungarian"	"mail"	"order.php"	"text_new_greeting"	"Thank you for your interest in %s products. Your order has been received and will be processed once payment has been confirmed."
"hungarian"	"mail"	"order.php"	"text_new_received"	"You have received an order."
"hungarian"	"mail"	"order.php"	"text_new_link"	"To view your order click on the link below:"
"hungarian"	"mail"	"order.php"	"text_new_order_detail"	"Order Details"
"hungarian"	"mail"	"order.php"	"text_new_instruction"	"Instructions"
"hungarian"	"mail"	"order.php"	"text_new_order_id"	"Order ID:"
"hungarian"	"mail"	"order.php"	"text_new_date_added"	"Date Added:"
"hungarian"	"mail"	"order.php"	"text_new_order_status"	"Order Status:"
"hungarian"	"mail"	"order.php"	"text_new_payment_method"	"Payment Method:"
"hungarian"	"mail"	"order.php"	"text_new_shipping_method"	"Shipping Method:"
"hungarian"	"mail"	"order.php"	"text_new_email"	"Email:"
"hungarian"	"mail"	"order.php"	"text_new_telephone"	"Telephone:"
"hungarian"	"mail"	"order.php"	"text_new_ip"	"IP Address:"
"hungarian"	"mail"	"order.php"	"text_new_payment_address"	"Payment Address"
"hungarian"	"mail"	"order.php"	"text_new_shipping_address"	"Shipping Address"
"hungarian"	"mail"	"order.php"	"text_new_products"	"Products"
"hungarian"	"mail"	"order.php"	"text_new_product"	"Product"
"hungarian"	"mail"	"order.php"	"text_new_model"	"Model"
"hungarian"	"mail"	"order.php"	"text_new_quantity"	"Quantity"
"hungarian"	"mail"	"order.php"	"text_new_price"	"Price"
"hungarian"	"mail"	"order.php"	"text_new_order_total"	"Order Totals"
"hungarian"	"mail"	"order.php"	"text_new_total"	"Total"
"hungarian"	"mail"	"order.php"	"text_new_download"	"Once your payment has been confirmed you can click on the link below to access your downloadable products:"
"hungarian"	"mail"	"order.php"	"text_new_comment"	"The comments for your order are:"
"hungarian"	"mail"	"order.php"	"text_new_footer"	"Please reply to this email if you have any questions."
"hungarian"	"mail"	"order.php"	"text_new_powered"	"Powered By <a href=""http://www.opencart.com"">OpenCart</a>."
"hungarian"	"mail"	"order.php"	"text_update_subject"	"%s - Order Update %s"
"hungarian"	"mail"	"order.php"	"text_update_order"	"Order ID:"
"hungarian"	"mail"	"order.php"	"text_update_date_added"	"Date Ordered:"
"hungarian"	"mail"	"order.php"	"text_update_order_status"	"Your order has been updated to the following status:"
"hungarian"	"mail"	"order.php"	"text_update_comment"	"The comments for your order are:"
"hungarian"	"mail"	"order.php"	"text_update_link"	"To view your order click on the link below:"
"hungarian"	"mail"	"order.php"	"text_update_footer"	"Please reply to this email if you have any questions."
"hungarian"	"mail"	"voucher.php"	"text_subject"	"You have been sent a gift voucher from %s"
"hungarian"	"mail"	"voucher.php"	"text_greeting"	"Congratulations, You have received a Gift Certificate worth %s"
"hungarian"	"mail"	"voucher.php"	"text_from"	"This Gift Certificate has been sent to you by %s"
"hungarian"	"mail"	"voucher.php"	"text_message"	"With a message saying"
"hungarian"	"mail"	"voucher.php"	"text_redeem"	"To redeem this Gift Certificate, write down the redemption code which is <b>%s</b> then click on the the link below and purchase the product you wish to use this gift voucher on. You can enter the gift voucher code on the shopping cart page before you click checkout."
"hungarian"	"mail"	"voucher.php"	"text_footer"	"Please reply to this email if you have any questions."
"hungarian"	"mail"	"affiliate.php"	"text_subject"	"%s - Affiliate Program"
"hungarian"	"mail"	"affiliate.php"	"text_welcome"	"Thank you for joining the %s Affiliate Program!"
"hungarian"	"mail"	"affiliate.php"	"text_approval"	"Your account must be approved before you can login. Once approved you can log in by using your email address and password by visiting our website or at the following URL:"
"hungarian"	"mail"	"affiliate.php"	"text_services"	"Upon logging in, you will be able to generate tracking codes, track commission payments and edit your account information."
"hungarian"	"mail"	"affiliate.php"	"text_thanks"	"Thanks,"
"hungarian"	"mail"	"forgotten.php"	"text_subject"	"%s - New Password"
"hungarian"	"mail"	"forgotten.php"	"text_greeting"	"A new password was requested from %s."
"hungarian"	"mail"	"forgotten.php"	"text_password"	"Your new password to is:"
"hungarian"	"mail"	"customer.php"	"text_subject"	"%s - Thank you for registering"
"hungarian"	"mail"	"customer.php"	"text_welcome"	"Welcome and thank you for registering at %s!"
"hungarian"	"mail"	"customer.php"	"text_login"	"Your account has now been created and you can log in by using your email address and password by visiting our website or at the following URL:"
"hungarian"	"mail"	"customer.php"	"text_approval"	"Your account must be approved before you can login. Once approved you can log in by using your email address and password by visiting our website or at the following URL:"
"hungarian"	"mail"	"customer.php"	"text_services"	"Upon logging in, you will be able to access other services including reviewing past orders, printing invoices and editing your account information."
"hungarian"	"mail"	"customer.php"	"text_thanks"	"Thanks,"
"hungarian"	" "	"hungarian.php"	"code"	"en"
"hungarian"	" "	"hungarian.php"	"direction"	"ltr"
"hungarian"	" "	"hungarian.php"	"date_format_short"	"d/m/Y"
"hungarian"	" "	"hungarian.php"	"date_format_long"	"l dS F Y"
"hungarian"	" "	"hungarian.php"	"time_format"	"h:i:s A"
"hungarian"	" "	"hungarian.php"	"decimal_point"	"."
"hungarian"	" "	"hungarian.php"	"thousand_point"	0
"hungarian"	" "	"hungarian.php"	"text_home"	"Home"
"hungarian"	" "	"hungarian.php"	"text_yes"	"Yes"
"hungarian"	" "	"hungarian.php"	"text_no"	"No"
"hungarian"	" "	"hungarian.php"	"text_none"	" --- None --- "
"hungarian"	" "	"hungarian.php"	"text_select"	" --- Please Select --- "
"hungarian"	" "	"hungarian.php"	"text_all_zones"	"All Zones"
"hungarian"	" "	"hungarian.php"	"text_pagination"	"Showing {start} to {end} of {total} ({pages} Pages)"
"hungarian"	" "	"hungarian.php"	"text_separator"	" &raquo; "
"hungarian"	" "	"hungarian.php"	"button_add_address"	"Add Address"
"hungarian"	" "	"hungarian.php"	"button_back"	"Back"
"hungarian"	" "	"hungarian.php"	"button_continue"	"Continue"
"hungarian"	" "	"hungarian.php"	"button_cart"	"Add to Cart"
"hungarian"	" "	"hungarian.php"	"button_compare"	"Add to Compare"
"hungarian"	" "	"hungarian.php"	"button_wishlist"	"Add to Wish List"
"hungarian"	" "	"hungarian.php"	"button_checkout"	"Checkout"
"hungarian"	" "	"hungarian.php"	"button_confirm"	"Confirm Order"
"hungarian"	" "	"hungarian.php"	"button_coupon"	"Apply Coupon"
"hungarian"	" "	"hungarian.php"	"button_delete"	"Delete"
"hungarian"	" "	"hungarian.php"	"button_edit"	"Edit"
"hungarian"	" "	"hungarian.php"	"button_new_address"	"New Address"
"hungarian"	" "	"hungarian.php"	"button_change_address"	"Change Address"
"hungarian"	" "	"hungarian.php"	"button_add_product"	"Add Product"
"hungarian"	" "	"hungarian.php"	"button_remove"	"Remove"
"hungarian"	" "	"hungarian.php"	"button_reviews"	"Reviews"
"hungarian"	" "	"hungarian.php"	"button_write"	"Write Review"
"hungarian"	" "	"hungarian.php"	"button_login"	"Login"
"hungarian"	" "	"hungarian.php"	"button_update"	"Update"
"hungarian"	" "	"hungarian.php"	"button_shopping"	"Continue Shopping"
"hungarian"	" "	"hungarian.php"	"button_search"	"Search"
"hungarian"	" "	"hungarian.php"	"button_shipping"	"Apply Shipping"
"hungarian"	" "	"hungarian.php"	"button_guest"	"Guest Checkout"
"hungarian"	" "	"hungarian.php"	"button_view"	"View"
"hungarian"	" "	"hungarian.php"	"button_voucher"	"Apply Voucher"
"hungarian"	" "	"hungarian.php"	"button_upload"	"Upload File"
"hungarian"	" "	"hungarian.php"	"button_reward"	"Apply Points"
"hungarian"	" "	"hungarian.php"	"button_quote"	"Get Quotes"
"hungarian"	" "	"hungarian.php"	"error_upload_1"	"Warning: The uploaded file exceeds the upload_max_filesize directive in php.ini!"
"hungarian"	" "	"hungarian.php"	"error_upload_2"	"Warning: The uploaded file exceeds the MAX_FILE_SIZE directive that was specified in the HTML form!"
"hungarian"	" "	"hungarian.php"	"error_upload_3"	"Warning: The uploaded file was only partially uploaded!"
"hungarian"	" "	"hungarian.php"	"error_upload_4"	"Warning: No file was uploaded!"
"hungarian"	" "	"hungarian.php"	"error_upload_6"	"Warning: Missing a temporary folder!"
"hungarian"	" "	"hungarian.php"	"error_upload_7"	"Warning: Failed to write file to disk!"
"hungarian"	" "	"hungarian.php"	"error_upload_8"	"Warning: File upload stopped by extension!"
"hungarian"	" "	"hungarian.php"	"error_upload_999"	"Warning: No error code available!"
"hungarian"	"error"	"not_found.php"	"heading_title"	"The page you requested cannot be found!"
"hungarian"	"error"	"not_found.php"	"text_error"	"The page you requested cannot be found."
"hungarian"	"affiliate"	"transaction.php"	"heading_title"	"Your Transactions"
"hungarian"	"affiliate"	"transaction.php"	"column_date_added"	"Date Added"
"hungarian"	"affiliate"	"transaction.php"	"column_description"	"Description"
"hungarian"	"affiliate"	"transaction.php"	"column_amount"	"Amount (%s)"
"hungarian"	"affiliate"	"transaction.php"	"text_account"	"Account"
"hungarian"	"affiliate"	"transaction.php"	"text_transaction"	"Your Transactions"
"hungarian"	"affiliate"	"transaction.php"	"text_balance"	"Your current balance is:"
"hungarian"	"affiliate"	"transaction.php"	"text_empty"	"You do not have any transactions!"
"hungarian"	"affiliate"	"tracking.php"	"heading_title"	"Affiliate Tracking"
"hungarian"	"affiliate"	"tracking.php"	"text_account"	"Account"
"hungarian"	"affiliate"	"tracking.php"	"text_description"	"To make sure you get paid for referrals you send to us we need to track the referral by placing a tracking code in the URL's linking to us. You can use the tools below to generate links to the %s web site."
"hungarian"	"affiliate"	"tracking.php"	"text_code"	"<b>Your Tracking Code:</b>"
"hungarian"	"affiliate"	"tracking.php"	"text_generator"	"<b>Tracking Link Generator</b><br />Type in the name of a product you would like to link to:"
"hungarian"	"affiliate"	"tracking.php"	"text_link"	"<b>Tracking Link:</b>"
"hungarian"	"affiliate"	"login.php"	"heading_title"	"Affiliate Program"
"hungarian"	"affiliate"	"login.php"	"text_account"	"Account"
"hungarian"	"affiliate"	"login.php"	"text_login"	"Login"
"hungarian"	"affiliate"	"login.php"	"text_description"	"<p>%s affiliate program is free and enables members to earn revenue by placing a link or links on their web site which advertises %s or specific products on it. Any sales made to customers who have clicked on those links will earn the affiliate commission. The standard commission rate is currently %s.</p><p>For more information, visit our FAQ page or see our Affiliate terms &amp; conditions.</p>"
"hungarian"	"affiliate"	"login.php"	"text_new_affiliate"	"New Affiliate"
"hungarian"	"affiliate"	"login.php"	"text_register_account"	"<p>I am not currently an affiliate.</p><p>Click Continue below to create a new affiliate account. Please note that this is not connected in any way to your customer account.</p>"
"hungarian"	"affiliate"	"login.php"	"text_returning_affiliate"	"Affiliate Login"
"hungarian"	"affiliate"	"login.php"	"text_i_am_returning_affiliate"	"I am a returning affiliate."
"hungarian"	"affiliate"	"login.php"	"text_forgotten"	"Forgotten Password"
"hungarian"	"affiliate"	"login.php"	"entry_email"	"Affiliate E-Mail:"
"hungarian"	"affiliate"	"login.php"	"entry_password"	"Password:"
"hungarian"	"affiliate"	"login.php"	"error_login"	"Warning: No match for E-Mail Address and/or Password."
"hungarian"	"affiliate"	"edit.php"	"heading_title"	"My Account Information"
"hungarian"	"affiliate"	"edit.php"	"text_account"	"Account"
"hungarian"	"affiliate"	"edit.php"	"text_edit"	"Edit Information"
"hungarian"	"affiliate"	"edit.php"	"text_your_details"	"Your Personal Details"
"hungarian"	"affiliate"	"edit.php"	"text_your_address"	"Your Address"
"hungarian"	"affiliate"	"edit.php"	"text_success"	"Success: Your account has been successfully updated."
"hungarian"	"affiliate"	"edit.php"	"entry_firstname"	"First Name:"
"hungarian"	"affiliate"	"edit.php"	"entry_lastname"	"Last Name:"
"hungarian"	"affiliate"	"edit.php"	"entry_email"	"E-Mail:"
"hungarian"	"affiliate"	"edit.php"	"entry_telephone"	"Telephone:"
"hungarian"	"affiliate"	"edit.php"	"entry_fax"	"Fax:"
"hungarian"	"affiliate"	"edit.php"	"entry_company"	"Company:"
"hungarian"	"affiliate"	"edit.php"	"entry_website"	"Web Site:"
"hungarian"	"affiliate"	"edit.php"	"entry_address_1"	"Address 1:"
"hungarian"	"affiliate"	"edit.php"	"entry_address_2"	"Address 2:"
"hungarian"	"affiliate"	"edit.php"	"entry_postcode"	"Post Code:"
"hungarian"	"affiliate"	"edit.php"	"entry_city"	"City:"
"hungarian"	"affiliate"	"edit.php"	"entry_country"	"Country:"
"hungarian"	"affiliate"	"edit.php"	"entry_zone"	"Region / State:"
"hungarian"	"affiliate"	"edit.php"	"error_exists"	"Warning: E-Mail address is already registered!"
"hungarian"	"affiliate"	"edit.php"	"error_firstname"	"First Name must be between 1 and 32 characters!"
"hungarian"	"affiliate"	"edit.php"	"error_lastname"	"Last Name must be between 1 and 32 characters!"
"hungarian"	"affiliate"	"edit.php"	"error_email"	"E-Mail Address does not appear to be valid!"
"hungarian"	"affiliate"	"edit.php"	"error_telephone"	"Telephone must be between 3 and 32 characters!"
"hungarian"	"affiliate"	"edit.php"	"error_address_1"	"Address 1 must be between 3 and 128 characters!"
"hungarian"	"affiliate"	"edit.php"	"error_city"	"City must be between 2 and 128 characters!"
"hungarian"	"affiliate"	"edit.php"	"error_country"	"Please select a country!"
"hungarian"	"affiliate"	"edit.php"	"error_zone"	"Please select a region / state!"
"hungarian"	"affiliate"	"edit.php"	"error_postcode"	"Postcode must be between 2 and 10 characters!"
"hungarian"	"affiliate"	"success.php"	"heading_title"	"Your Affiliate Account Has Been Created!"
"hungarian"	"affiliate"	"success.php"	"text_approval"	"<p>Thank you for registering for an affiliate account with %s!</p><p>You will be notified by email once your account has been activated by the store owner.</p><p>If you have ANY questions about the operation of this affiliate system, please <a href=""%s"">contact the store owner</a>.</p>"
"hungarian"	"affiliate"	"success.php"	"text_account"	"Account"
"hungarian"	"affiliate"	"success.php"	"text_success"	"Success"
"hungarian"	"affiliate"	"register.php"	"heading_title"	"Affiliate Program"
"hungarian"	"affiliate"	"register.php"	"text_account"	"Account"
"hungarian"	"affiliate"	"register.php"	"text_register"	"Affiliate Register"
"hungarian"	"affiliate"	"register.php"	"text_account_already"	"If you already have an account with us, please login at the <a href=""%s"">login page</a>."
"hungarian"	"affiliate"	"register.php"	"text_signup"	"To create an affiliate account, fill in the form below ensuring you complete all the required fields:"
"hungarian"	"affiliate"	"register.php"	"text_your_details"	"Your Personal Details"
"hungarian"	"affiliate"	"register.php"	"text_your_address"	"Your Address Details"
"hungarian"	"affiliate"	"register.php"	"text_payment"	"Payment Information"
"hungarian"	"affiliate"	"register.php"	"text_your_password"	"Your Password"
"hungarian"	"affiliate"	"register.php"	"text_cheque"	"Cheque"
"hungarian"	"affiliate"	"register.php"	"text_paypal"	"PayPal"
"hungarian"	"affiliate"	"register.php"	"text_bank"	"Bank Transfer"
"hungarian"	"affiliate"	"register.php"	"text_agree"	"I have read and agree to the <a class=""fancybox"" href=""%s"" alt=""%s""><b>%s</b></a>"
"hungarian"	"affiliate"	"register.php"	"entry_firstname"	"First Name:"
"hungarian"	"affiliate"	"register.php"	"entry_lastname"	"Last Name:"
"hungarian"	"affiliate"	"register.php"	"entry_email"	"E-Mail:"
"hungarian"	"affiliate"	"register.php"	"entry_telephone"	"Telephone:"
"hungarian"	"affiliate"	"register.php"	"entry_fax"	"Fax:"
"hungarian"	"affiliate"	"register.php"	"entry_company"	"Company:"
"hungarian"	"affiliate"	"register.php"	"entry_website"	"Web Site:"
"hungarian"	"affiliate"	"register.php"	"entry_address_1"	"Address 1:"
"hungarian"	"affiliate"	"register.php"	"entry_address_2"	"Address 2:"
"hungarian"	"affiliate"	"register.php"	"entry_postcode"	"Post Code:"
"hungarian"	"affiliate"	"register.php"	"entry_city"	"City:"
"hungarian"	"affiliate"	"register.php"	"entry_country"	"Country:"
"hungarian"	"affiliate"	"register.php"	"entry_zone"	"Region / State:"
"hungarian"	"affiliate"	"register.php"	"entry_tax"	"Tax ID:"
"hungarian"	"affiliate"	"register.php"	"entry_payment"	"Payment Method:"
"hungarian"	"affiliate"	"register.php"	"entry_cheque"	"Cheque Payee Name:"
"hungarian"	"affiliate"	"register.php"	"entry_paypal"	"PayPal Email Account:"
"hungarian"	"affiliate"	"register.php"	"entry_bank_name"	"Bank Name:"
"hungarian"	"affiliate"	"register.php"	"entry_bank_branch_number"	"ABA/BSB number (Branch Number):"
"hungarian"	"affiliate"	"register.php"	"entry_bank_swift_code"	"SWIFT Code:"
"hungarian"	"affiliate"	"register.php"	"entry_bank_account_name"	"Account Name:"
"hungarian"	"affiliate"	"register.php"	"entry_bank_account_number"	"Account Number:"
"hungarian"	"affiliate"	"register.php"	"entry_password"	"Password:"
"hungarian"	"affiliate"	"register.php"	"entry_confirm"	"Password Confirm:"
"hungarian"	"affiliate"	"register.php"	"error_exists"	"Warning: E-Mail Address is already registered!"
"hungarian"	"affiliate"	"register.php"	"error_firstname"	"First Name must be between 1 and 32 characters!"
"hungarian"	"affiliate"	"register.php"	"error_lastname"	"Last Name must be between 1 and 32 characters!"
"hungarian"	"affiliate"	"register.php"	"error_email"	"E-Mail Address does not appear to be valid!"
"hungarian"	"affiliate"	"register.php"	"error_telephone"	"Telephone must be between 3 and 32 characters!"
"hungarian"	"affiliate"	"register.php"	"error_password"	"Password must be between 4 and 20 characters!"
"hungarian"	"affiliate"	"register.php"	"error_confirm"	"Password confirmation does not match password!"
"hungarian"	"affiliate"	"register.php"	"error_address_1"	"Address 1 must be between 3 and 128 characters!"
"hungarian"	"affiliate"	"register.php"	"error_city"	"City must be between 2 and 128 characters!"
"hungarian"	"affiliate"	"register.php"	"error_country"	"Please select a country!"
"hungarian"	"affiliate"	"register.php"	"error_zone"	"Please select a region / state!"
"hungarian"	"affiliate"	"register.php"	"error_postcode"	"Postcode must be between 2 and 10 characters!"
"hungarian"	"affiliate"	"register.php"	"error_agree"	"Warning: You must agree to the %s!"
"hungarian"	"affiliate"	"payment.php"	"heading_title"	"Payment Method"
"hungarian"	"affiliate"	"payment.php"	"text_account"	"Account"
"hungarian"	"affiliate"	"payment.php"	"text_payment"	"Payment"
"hungarian"	"affiliate"	"payment.php"	"text_your_payment"	"Payment Information"
"hungarian"	"affiliate"	"payment.php"	"text_your_password"	"Your Password"
"hungarian"	"affiliate"	"payment.php"	"text_cheque"	"Cheque"
"hungarian"	"affiliate"	"payment.php"	"text_paypal"	"PayPal"
"hungarian"	"affiliate"	"payment.php"	"text_bank"	"Bank Transfer"
"hungarian"	"affiliate"	"payment.php"	"text_success"	"Success: Your account has been successfully updated."
"hungarian"	"affiliate"	"payment.php"	"entry_tax"	"Tax ID:"
"hungarian"	"affiliate"	"payment.php"	"entry_payment"	"Payment Method:"
"hungarian"	"affiliate"	"payment.php"	"entry_cheque"	"Cheque Payee Name:"
"hungarian"	"affiliate"	"payment.php"	"entry_paypal"	"PayPal Email Account:"
"hungarian"	"affiliate"	"payment.php"	"entry_bank_name"	"Bank Name:"
"hungarian"	"affiliate"	"payment.php"	"entry_bank_branch_number"	"ABA/BSB number (Branch Number):"
"hungarian"	"affiliate"	"payment.php"	"entry_bank_swift_code"	"SWIFT Code:"
"hungarian"	"affiliate"	"payment.php"	"entry_bank_account_name"	"Account Name:"
"hungarian"	"affiliate"	"payment.php"	"entry_bank_account_number"	"Account Number:"
"hungarian"	"affiliate"	"account.php"	"heading_title"	"My Affiliate Account"
"hungarian"	"affiliate"	"account.php"	"text_account"	"Account"
"hungarian"	"affiliate"	"account.php"	"text_my_account"	"My Affiliate Account"
"hungarian"	"affiliate"	"account.php"	"text_my_tracking"	"My Tracking Information"
"hungarian"	"affiliate"	"account.php"	"text_my_transactions"	"My Transactions"
"hungarian"	"affiliate"	"account.php"	"text_edit"	"Edit your account information"
"hungarian"	"affiliate"	"account.php"	"text_password"	"Change your password"
"hungarian"	"affiliate"	"account.php"	"text_payment"	"Change your payment preferences"
"hungarian"	"affiliate"	"account.php"	"text_tracking"	"Custom Affiliate Tracking Code"
"hungarian"	"affiliate"	"account.php"	"text_transaction"	"View your transaction history"
"hungarian"	"affiliate"	"password.php"	"heading_title"	"Change Password"
"hungarian"	"affiliate"	"password.php"	"text_account"	"Account"
"hungarian"	"affiliate"	"password.php"	"text_password"	"Your Password"
"hungarian"	"affiliate"	"password.php"	"text_success"	"Success: Your password has been successfully updated."
"hungarian"	"affiliate"	"password.php"	"entry_password"	"Password:"
"hungarian"	"affiliate"	"password.php"	"entry_confirm"	"Password Confirm:"
"hungarian"	"affiliate"	"password.php"	"error_password"	"Password must be between 4 and 20 characters!"
"hungarian"	"affiliate"	"password.php"	"error_confirm"	"Password confirmation does not match password!"
"hungarian"	"affiliate"	"forgotten.php"	"heading_title"	"Forgot Your Password?"
"hungarian"	"affiliate"	"forgotten.php"	"text_account"	"Account"
"hungarian"	"affiliate"	"forgotten.php"	"text_forgotten"	"Forgotten Password"
"hungarian"	"affiliate"	"forgotten.php"	"text_your_email"	"Your E-Mail Address"
"hungarian"	"affiliate"	"forgotten.php"	"text_email"	"Enter the e-mail address associated with your account. Click submit to have your password e-mailed to you"
"hungarian"	"affiliate"	"forgotten.php"	"text_success"	"Success: A new password has been sent to your e-mail address."
"hungarian"	"affiliate"	"forgotten.php"	"entry_email"	"E-Mail Address:"
"hungarian"	"affiliate"	"forgotten.php"	"error_email"	"Warning: The E-Mail Address was not found in our records, please try again!"
"hungarian"	"affiliate"	"logout.php"	"heading_title"	"Account Logout"
"hungarian"	"affiliate"	"logout.php"	"text_message"	"<p>You have been logged off your account. It is now safe to leave the computer.</p><p>Your shopping cart has been saved, the items inside it will be restored whenever you log back into your account.</p>"
"hungarian"	"affiliate"	"logout.php"	"text_account"	"Account"
"hungarian"	"affiliate"	"logout.php"	"text_logout"	"Logout"
"hungarian"	"information"	"sitemap.php"	"heading_title"	"Site Map"
"hungarian"	"information"	"sitemap.php"	"text_special"	"Special Offers"
"hungarian"	"information"	"sitemap.php"	"text_account"	"My Account"
"hungarian"	"information"	"sitemap.php"	"text_edit"	"Account Information"
"hungarian"	"information"	"sitemap.php"	"text_password"	"Password"
"hungarian"	"information"	"sitemap.php"	"text_address"	"Address Book"
"hungarian"	"information"	"sitemap.php"	"text_history"	"Order History"
"hungarian"	"information"	"sitemap.php"	"text_download"	"Downloads"
"hungarian"	"information"	"sitemap.php"	"text_cart"	"Shopping Cart"
"hungarian"	"information"	"sitemap.php"	"text_checkout"	"Checkout"
"hungarian"	"information"	"sitemap.php"	"text_search"	"Search"
"hungarian"	"information"	"sitemap.php"	"text_information"	"Information"
"hungarian"	"information"	"sitemap.php"	"text_contact"	"Contact Us"
"hungarian"	"information"	"contact.php"	"heading_title"	"Contact Us"
"hungarian"	"information"	"contact.php"	"text_location"	"Our Location"
"hungarian"	"information"	"contact.php"	"text_contact"	"Contact Form"
"hungarian"	"information"	"contact.php"	"text_address"	"Address:"
"hungarian"	"information"	"contact.php"	"text_email"	"E-Mail:"
"hungarian"	"information"	"contact.php"	"text_telephone"	"Telephone:"
"hungarian"	"information"	"contact.php"	"text_fax"	"Fax:"
"hungarian"	"information"	"contact.php"	"text_message"	"<p>Your enquiry has been successfully sent to the store owner!</p>"
"hungarian"	"information"	"contact.php"	"entry_name"	"First Name:"
"hungarian"	"information"	"contact.php"	"entry_email"	"E-Mail Address:"
"hungarian"	"information"	"contact.php"	"entry_enquiry"	"Enquiry:"
"hungarian"	"information"	"contact.php"	"entry_captcha"	"Enter the code in the box below:"
"hungarian"	"information"	"contact.php"	"email_subject"	"Enquiry %s"
"hungarian"	"information"	"contact.php"	"error_name"	"Name must be between 3 and 32 characters!"
"hungarian"	"information"	"contact.php"	"error_email"	"E-Mail Address does not appear to be valid!"
"hungarian"	"information"	"contact.php"	"error_enquiry"	"Enquiry must be between 10 and 3000 characters!"
"hungarian"	"information"	"contact.php"	"error_captcha"	"Verification code does not match the image!"
"hungarian"	"information"	"information.php"	"text_error"	"Information Page Not Found!"
"hungarian"	"product"	"category.php"	"text_refine"	"Refine Search"
"hungarian"	"product"	"category.php"	"text_product"	"Products"
"hungarian"	"product"	"category.php"	"text_error"	"Category not found!"
"hungarian"	"product"	"category.php"	"text_empty"	"There are no products to list in this category."
"hungarian"	"product"	"category.php"	"text_quantity"	"Qty:"
"hungarian"	"product"	"category.php"	"text_manufacturer"	"Brand:"
"hungarian"	"product"	"category.php"	"text_model"	"Product Code:"
"hungarian"	"product"	"category.php"	"text_points"	"Reward Points:"
"hungarian"	"product"	"category.php"	"text_price"	"Price:"
"hungarian"	"product"	"category.php"	"text_tax"	"Ex Tax:"
"hungarian"	"product"	"category.php"	"text_reviews"	"Based on %s reviews."
"hungarian"	"product"	"category.php"	"text_compare"	"Product Compare (%s)"
"hungarian"	"product"	"category.php"	"text_display"	"Display:"
"hungarian"	"product"	"category.php"	"text_list"	"List"
"hungarian"	"product"	"category.php"	"text_grid"	"Grid"
"hungarian"	"product"	"category.php"	"text_sort"	"Sort By:"
"hungarian"	"product"	"category.php"	"text_default"	"Default"
"hungarian"	"product"	"category.php"	"text_name_asc"	"Name (A - Z)"
"hungarian"	"product"	"category.php"	"text_name_desc"	"Name (Z - A)"
"hungarian"	"product"	"category.php"	"text_price_asc"	"Price (Low &gt; High)"
"hungarian"	"product"	"category.php"	"text_price_desc"	"Price (High &gt; Low)"
"hungarian"	"product"	"category.php"	"text_rating_asc"	"Rating (Lowest)"
"hungarian"	"product"	"category.php"	"text_rating_desc"	"Rating (Highest)"
"hungarian"	"product"	"category.php"	"text_model_asc"	"Model (A - Z)"
"hungarian"	"product"	"category.php"	"text_model_desc"	"Model (Z - A)"
"hungarian"	"product"	"category.php"	"text_limit"	"Show:"
"hungarian"	"product"	"manufacturer.php"	"heading_title"	"Find Your Favorite Brand"
"hungarian"	"product"	"manufacturer.php"	"text_brand"	"Brand"
"hungarian"	"product"	"manufacturer.php"	"text_index"	"Brand Index:"
"hungarian"	"product"	"manufacturer.php"	"text_error"	"Brand not found!"
"hungarian"	"product"	"manufacturer.php"	"text_empty"	"There are no manufacturers to list."
"hungarian"	"product"	"manufacturer.php"	"text_quantity"	"Qty:"
"hungarian"	"product"	"manufacturer.php"	"text_manufacturer"	"Brand:"
"hungarian"	"product"	"manufacturer.php"	"text_model"	"Product Code:"
"hungarian"	"product"	"manufacturer.php"	"text_points"	"Reward Points:"
"hungarian"	"product"	"manufacturer.php"	"text_price"	"Price:"
"hungarian"	"product"	"manufacturer.php"	"text_tax"	"Ex Tax:"
"hungarian"	"product"	"manufacturer.php"	"text_reviews"	"Based on %s reviews."
"hungarian"	"product"	"manufacturer.php"	"text_compare"	"Product Compare (%s)"
"hungarian"	"product"	"manufacturer.php"	"text_display"	"Display:"
"hungarian"	"product"	"manufacturer.php"	"text_list"	"List"
"hungarian"	"product"	"manufacturer.php"	"text_grid"	"Grid"
"hungarian"	"product"	"manufacturer.php"	"text_sort"	"Sort By:"
"hungarian"	"product"	"manufacturer.php"	"text_default"	"Default"
"hungarian"	"product"	"manufacturer.php"	"text_name_asc"	"Name (A - Z)"
"hungarian"	"product"	"manufacturer.php"	"text_name_desc"	"Name (Z - A)"
"hungarian"	"product"	"manufacturer.php"	"text_price_asc"	"Price (Low &gt; High)"
"hungarian"	"product"	"manufacturer.php"	"text_price_desc"	"Price (High &gt; Low)"
"hungarian"	"product"	"manufacturer.php"	"text_rating_asc"	"Rating (Lowest)"
"hungarian"	"product"	"manufacturer.php"	"text_rating_desc"	"Rating (Highest)"
"hungarian"	"product"	"manufacturer.php"	"text_model_asc"	"Model (A - Z)"
"hungarian"	"product"	"manufacturer.php"	"text_model_desc"	"Model (Z - A)"
"hungarian"	"product"	"manufacturer.php"	"text_limit"	"Show:"
"hungarian"	"product"	"compare.php"	"heading_title"	"Product Comparison"
"hungarian"	"product"	"compare.php"	"text_product"	"Product Details"
"hungarian"	"product"	"compare.php"	"text_name"	"Product"
"hungarian"	"product"	"compare.php"	"text_image"	"Image"
"hungarian"	"product"	"compare.php"	"text_price"	"Price"
"hungarian"	"product"	"compare.php"	"text_model"	"Model"
"hungarian"	"product"	"compare.php"	"text_manufacturer"	"Brand"
"hungarian"	"product"	"compare.php"	"text_availability"	"Availability"
"hungarian"	"product"	"compare.php"	"text_instock"	"In Stock"
"hungarian"	"product"	"compare.php"	"text_rating"	"Rating"
"hungarian"	"product"	"compare.php"	"text_reviews"	"Based on %s reviews."
"hungarian"	"product"	"compare.php"	"text_summary"	"Summary"
"hungarian"	"product"	"compare.php"	"text_weight"	"Weight"
"hungarian"	"product"	"compare.php"	"text_dimension"	"Dimensions (L x W x H)"
"hungarian"	"product"	"compare.php"	"text_remove"	"Remove"
"hungarian"	"product"	"compare.php"	"text_compare"	"Product Compare (%s)"
"hungarian"	"product"	"compare.php"	"text_success"	"Success: You have added <a href=""%s"">%s</a> to your <a href=""%s"">product comparison</a>!"
"hungarian"	"product"	"compare.php"	"text_empty"	"You have not chosen any products to compare."
"hungarian"	"product"	"search.php"	"heading_title"	"Search"
"hungarian"	"product"	"search.php"	"text_search"	"Products meeting the search criteria"
"hungarian"	"product"	"search.php"	"text_keyword"	"Keywords"
"hungarian"	"product"	"search.php"	"text_category"	"All Categories"
"hungarian"	"product"	"search.php"	"text_sub_category"	"Search in subcategories"
"hungarian"	"product"	"search.php"	"text_critea"	"Search Criteria"
"hungarian"	"product"	"search.php"	"text_empty"	"There is no product that matches the search criteria."
"hungarian"	"product"	"search.php"	"text_quantity"	"Qty:"
"hungarian"	"product"	"search.php"	"text_manufacturer"	"Brand:"
"hungarian"	"product"	"search.php"	"text_model"	"Product Code:"
"hungarian"	"product"	"search.php"	"text_points"	"Reward Points:"
"hungarian"	"product"	"search.php"	"text_price"	"Price:"
"hungarian"	"product"	"search.php"	"text_tax"	"Ex Tax:"
"hungarian"	"product"	"search.php"	"text_reviews"	"Based on %s reviews."
"hungarian"	"product"	"search.php"	"text_compare"	"Product Compare (%s)"
"hungarian"	"product"	"search.php"	"text_display"	"Display:"
"hungarian"	"product"	"search.php"	"text_list"	"List"
"hungarian"	"product"	"search.php"	"text_grid"	"Grid"
"hungarian"	"product"	"search.php"	"text_sort"	"Sort By:"
"hungarian"	"product"	"search.php"	"text_default"	"Default"
"hungarian"	"product"	"search.php"	"text_name_asc"	"Name (A - Z)"
"hungarian"	"product"	"search.php"	"text_name_desc"	"Name (Z - A)"
"hungarian"	"product"	"search.php"	"text_price_asc"	"Price (Low &gt; High)"
"hungarian"	"product"	"search.php"	"text_price_desc"	"Price (High &gt; Low)"
"hungarian"	"product"	"search.php"	"text_rating_asc"	"Rating (Lowest)"
"hungarian"	"product"	"search.php"	"text_rating_desc"	"Rating (Highest)"
"hungarian"	"product"	"search.php"	"text_model_asc"	"Model (A - Z)"
"hungarian"	"product"	"search.php"	"text_model_desc"	"Model (Z - A)"
"hungarian"	"product"	"search.php"	"text_limit"	"Show:"
"hungarian"	"product"	"search.php"	"entry_search"	"Search:"
"hungarian"	"product"	"search.php"	"entry_description"	"Search in product descriptions"
"hungarian"	"product"	"product.php"	"text_search"	"Search"
"hungarian"	"product"	"product.php"	"text_brand"	"Brand"
"hungarian"	"product"	"product.php"	"text_manufacturer"	"Brand:"
"hungarian"	"product"	"product.php"	"text_model"	"Product Code:"
"hungarian"	"product"	"product.php"	"text_reward"	"Reward Points:"
"hungarian"	"product"	"product.php"	"text_points"	"Price in reward points:"
"hungarian"	"product"	"product.php"	"text_stock"	"Availability:"
"hungarian"	"product"	"product.php"	"text_instock"	"In Stock"
"hungarian"	"product"	"product.php"	"text_price"	"Price:"
"hungarian"	"product"	"product.php"	"text_tax"	"Ex Tax:"
"hungarian"	"product"	"product.php"	"text_discount"	"%s or more %s"
"hungarian"	"product"	"product.php"	"text_option"	"Available Options"
"hungarian"	"product"	"product.php"	"text_qty"	"Qty:"
"hungarian"	"product"	"product.php"	"text_minimum"	"This product has a minimum quantity of %s"
"hungarian"	"product"	"product.php"	"text_or"	"- OR -"
"hungarian"	"product"	"product.php"	"text_reviews"	"%s reviews"
"hungarian"	"product"	"product.php"	"text_write"	"Write a review"
"hungarian"	"product"	"product.php"	"text_no_reviews"	"There are no reviews for this product."
"hungarian"	"product"	"product.php"	"text_note"	"<span style=""color: #FF0000;"">Note:</span> HTML is not translated!"
"hungarian"	"product"	"product.php"	"text_share"	"Share"
"hungarian"	"product"	"product.php"	"text_success"	"Thank you for your review. It has been submitted to the webmaster for approval."
"hungarian"	"product"	"product.php"	"text_upload"	"Your file was successfully uploaded!"
"hungarian"	"product"	"product.php"	"text_wait"	"Please Wait!"
"hungarian"	"product"	"product.php"	"text_tags"	"Tags:"
"hungarian"	"product"	"product.php"	"text_error"	"Product not found!"
"hungarian"	"product"	"product.php"	"entry_name"	"Your Name:"
"hungarian"	"product"	"product.php"	"entry_review"	"Your Review:"
"hungarian"	"product"	"product.php"	"entry_rating"	"Rating:"
"hungarian"	"product"	"product.php"	"entry_good"	"Good"
"hungarian"	"product"	"product.php"	"entry_bad"	"Bad"
"hungarian"	"product"	"product.php"	"entry_captcha"	"Enter the code in the box below:"
"hungarian"	"product"	"product.php"	"tab_description"	"Description"
"hungarian"	"product"	"product.php"	"tab_attribute"	"Specification"
"hungarian"	"product"	"product.php"	"tab_review"	"Reviews (%s)"
"hungarian"	"product"	"product.php"	"tab_related"	"Related Products"
"hungarian"	"product"	"product.php"	"error_name"	"Warning: Review Name must be between 3 and 25 characters!"
"hungarian"	"product"	"product.php"	"error_text"	"Warning: Review Text must be between 25 and 1000 characters!"
"hungarian"	"product"	"product.php"	"error_rating"	"Warning: Please select a review rating!"
"hungarian"	"product"	"product.php"	"error_captcha"	"Warning: Verification code does not match the image!"
"hungarian"	"product"	"product.php"	"error_upload"	"Upload required!"
"hungarian"	"product"	"product.php"	"error_filename"	"Filename must be between 3 and 128 characters!"
"hungarian"	"product"	"product.php"	"error_filetype"	"Invalid file type!"
"hungarian"	"product"	"special.php"	"heading_title"	"Special Offers"
"hungarian"	"product"	"special.php"	"text_empty"	"There are no special offer products to list."
"hungarian"	"product"	"special.php"	"text_quantity"	"Qty:"
"hungarian"	"product"	"special.php"	"text_manufacturer"	"Brand:"
"hungarian"	"product"	"special.php"	"text_model"	"Product Code:"
"hungarian"	"product"	"special.php"	"text_points"	"Reward Points:"
"hungarian"	"product"	"special.php"	"text_price"	"Price:"
"hungarian"	"product"	"special.php"	"text_tax"	"Ex Tax:"
"hungarian"	"product"	"special.php"	"text_reviews"	"Based on %s reviews."
"hungarian"	"product"	"special.php"	"text_compare"	"Product Compare (%s)"
"hungarian"	"product"	"special.php"	"text_display"	"Display:"
"hungarian"	"product"	"special.php"	"text_list"	"List"
"hungarian"	"product"	"special.php"	"text_grid"	"Grid"
"hungarian"	"product"	"special.php"	"text_sort"	"Sort By:"
"hungarian"	"product"	"special.php"	"text_default"	"Default"
"hungarian"	"product"	"special.php"	"text_name_asc"	"Name (A - Z)"
"hungarian"	"product"	"special.php"	"text_name_desc"	"Name (Z - A)"
"hungarian"	"product"	"special.php"	"text_price_asc"	"Price (Low &gt; High)"
"hungarian"	"product"	"special.php"	"text_price_desc"	"Price (High &gt; Low)"
"hungarian"	"product"	"special.php"	"text_rating_asc"	"Rating (Lowest)"
"hungarian"	"product"	"special.php"	"text_rating_desc"	"Rating (Highest)"
"hungarian"	"product"	"special.php"	"text_model_asc"	"Model (A - Z)"
"hungarian"	"product"	"special.php"	"text_model_desc"	"Model (Z - A)"
"hungarian"	"product"	"special.php"	"text_limit"	"Show:"
"hungarian"	"checkout"	"voucher.php"	"heading_title"	"Purchase a Gift Certificate"
"hungarian"	"checkout"	"voucher.php"	"text_voucher"	"Gift Voucher"
"hungarian"	"checkout"	"voucher.php"	"text_description"	"This gift certificate will be emailed to the recipient after your order has been paid for."
"hungarian"	"checkout"	"voucher.php"	"text_agree"	"I understand that gift certificates are non-refundable."
"hungarian"	"checkout"	"voucher.php"	"text_message"	"<p>Thank you for purchasing a gift certificate! Once you have completed your order your gift voucher recipient will be sent an email with details how to redeem their gift voucher.</p>"
"hungarian"	"checkout"	"voucher.php"	"text_for"	"%s Gift Certificate for %s"
"hungarian"	"checkout"	"voucher.php"	"entry_to_name"	"Recipient's Name:"
"hungarian"	"checkout"	"voucher.php"	"entry_to_email"	"Recipient's Email:"
"hungarian"	"checkout"	"voucher.php"	"entry_from_name"	"Your Name:"
"hungarian"	"checkout"	"voucher.php"	"entry_from_email"	"Your Email:"
"hungarian"	"checkout"	"voucher.php"	"entry_message"	"Message:<br /><span class=""help"">(Optional)</span>"
"hungarian"	"checkout"	"voucher.php"	"entry_amount"	"Amount:<br /><span class=""help"">(Value must be between %s and %s)</span>"
"hungarian"	"checkout"	"voucher.php"	"entry_theme"	"Gift Certificate Theme:"
"hungarian"	"checkout"	"voucher.php"	"error_to_name"	"Recipient's Name must be between 1 and 64 characters!"
"hungarian"	"checkout"	"voucher.php"	"error_from_name"	"Your Name must be between 1 and 64 characters!"
"hungarian"	"checkout"	"voucher.php"	"error_email"	"E-Mail Address does not appear to be valid!"
"hungarian"	"checkout"	"voucher.php"	"error_amount"	"Amount must be between %s and %s!"
"hungarian"	"checkout"	"voucher.php"	"error_theme"	"You must select a theme!"
"hungarian"	"checkout"	"voucher.php"	"error_agree"	"Warning: You must agree that the gift certificates are non-refundable!"
"hungarian"	"checkout"	"checkout.php"	"heading_title"	"Checkout"
"hungarian"	"checkout"	"checkout.php"	"text_cart"	"Shopping Cart"
"hungarian"	"checkout"	"checkout.php"	"text_checkout_option"	"Step 1: Checkout Options"
"hungarian"	"checkout"	"checkout.php"	"text_checkout_account"	"Step 2: Account &amp; Billing Details"
"hungarian"	"checkout"	"checkout.php"	"text_checkout_payment_address"	"Step 2: Billing Details"
"hungarian"	"checkout"	"checkout.php"	"text_checkout_shipping_address"	"Step 3: Delivery Details"
"hungarian"	"checkout"	"checkout.php"	"text_checkout_shipping_method"	"Step 4: Delivery Method"
"hungarian"	"checkout"	"checkout.php"	"text_checkout_payment_method"	"Step 5: Payment Method"
"hungarian"	"checkout"	"checkout.php"	"text_checkout_confirm"	"Step 6: Confirm Order"
"hungarian"	"checkout"	"checkout.php"	"text_modify"	"Modify &raquo;"
"hungarian"	"checkout"	"checkout.php"	"text_new_customer"	"New Customer"
"hungarian"	"checkout"	"checkout.php"	"text_returning_customer"	"Returning Customer"
"hungarian"	"checkout"	"checkout.php"	"text_checkout"	"Checkout Options:"
"hungarian"	"checkout"	"checkout.php"	"text_i_am_returning_customer"	"I am a returning customer"
"hungarian"	"checkout"	"checkout.php"	"text_register"	"Register Account"
"hungarian"	"checkout"	"checkout.php"	"text_guest"	"Guest Checkout"
"hungarian"	"checkout"	"checkout.php"	"text_register_account"	"By creating an account you will be able to shop faster, be up to date on an order's status, and keep track of the orders you have previously made."
"hungarian"	"checkout"	"checkout.php"	"text_forgotten"	"Forgotten Password"
"hungarian"	"checkout"	"checkout.php"	"text_logged"	"You are logged in as <a href=""%s"">%s</a> <b>(</b> <a href=""%s"">Logout</a> <b>)</b>"
"hungarian"	"checkout"	"checkout.php"	"text_items"	"%s item(s) - %s"
"hungarian"	"checkout"	"checkout.php"	"text_your_details"	"Your Personal Details"
"hungarian"	"checkout"	"checkout.php"	"text_your_address"	"Your Address"
"hungarian"	"checkout"	"checkout.php"	"text_your_password"	"Your Password"
"hungarian"	"checkout"	"checkout.php"	"text_agree"	"I have read and agree to the <a class=""fancybox"" href=""%s"" alt=""%s""><b>%s</b></a>"
"hungarian"	"checkout"	"checkout.php"	"text_address_new"	"I want to use a new address"
"hungarian"	"checkout"	"checkout.php"	"text_address_existing"	"I want to use an existing address"
"hungarian"	"checkout"	"checkout.php"	"text_shipping_method"	"Please select the preferred shipping method to use on this order."
"hungarian"	"checkout"	"checkout.php"	"text_payment_method"	"Please select the preferred payment method to use on this order."
"hungarian"	"checkout"	"checkout.php"	"text_comments"	"Add Comments About Your Order"
"hungarian"	"checkout"	"checkout.php"	"column_name"	"Product Name"
"hungarian"	"checkout"	"checkout.php"	"column_model"	"Model"
"hungarian"	"checkout"	"checkout.php"	"column_quantity"	"Quantity"
"hungarian"	"checkout"	"checkout.php"	"column_price"	"Price"
"hungarian"	"checkout"	"checkout.php"	"column_total"	"Total"
"hungarian"	"checkout"	"checkout.php"	"entry_email_address"	"E-Mail Address:"
"hungarian"	"checkout"	"checkout.php"	"entry_email"	"E-Mail:"
"hungarian"	"checkout"	"checkout.php"	"entry_password"	"Password:"
"hungarian"	"checkout"	"checkout.php"	"entry_confirm"	"Password Confirm:"
"hungarian"	"checkout"	"checkout.php"	"entry_firstname"	"First Name:"
"hungarian"	"checkout"	"checkout.php"	"entry_lastname"	"Last Name:"
"hungarian"	"checkout"	"checkout.php"	"entry_telephone"	"Telephone:"
"hungarian"	"checkout"	"checkout.php"	"entry_fax"	"Fax:"
"hungarian"	"checkout"	"checkout.php"	"entry_company"	"Company:"
"hungarian"	"checkout"	"checkout.php"	"entry_address_1"	"Address 1:"
"hungarian"	"checkout"	"checkout.php"	"entry_address_2"	"Address 2:"
"hungarian"	"checkout"	"checkout.php"	"entry_postcode"	"Post Code:"
"hungarian"	"checkout"	"checkout.php"	"entry_city"	"City:"
"hungarian"	"checkout"	"checkout.php"	"entry_country"	"Country:"
"hungarian"	"checkout"	"checkout.php"	"entry_zone"	"Region / State:"
"hungarian"	"checkout"	"checkout.php"	"entry_newsletter"	"I wish to subscribe to the %s newsletter."
"hungarian"	"checkout"	"checkout.php"	"entry_shipping"	"My delivery and billing addresses are the same."
"hungarian"	"checkout"	"checkout.php"	"error_warning"	"There was a problem while trying to process your order! If the problem persists please try selecting a different payment method or you can contact the store owner by <a href=""%s"">clicking here</a>."
"hungarian"	"checkout"	"checkout.php"	"error_login"	"Warning: No match for E-Mail Address and/or Password."
"hungarian"	"checkout"	"checkout.php"	"error_exists"	"Warning: E-Mail Address is already registered!"
"hungarian"	"checkout"	"checkout.php"	"error_firstname"	"First Name must be between 1 and 32 characters!"
"hungarian"	"checkout"	"checkout.php"	"error_lastname"	"Last Name must be between 1 and 32 characters!"
"hungarian"	"checkout"	"checkout.php"	"error_email"	"E-Mail Address does not appear to be valid!"
"hungarian"	"checkout"	"checkout.php"	"error_telephone"	"Telephone must be between 3 and 32 characters!"
"hungarian"	"checkout"	"checkout.php"	"error_password"	"Password must be between 3 and 20 characters!"
"hungarian"	"checkout"	"checkout.php"	"error_confirm"	"Password confirmation does not match password!"
"hungarian"	"checkout"	"checkout.php"	"error_address_1"	"Address 1 must be between 3 and 128 characters!"
"hungarian"	"checkout"	"checkout.php"	"error_city"	"City must be between 2 and 128 characters!"
"hungarian"	"checkout"	"checkout.php"	"error_postcode"	"Postcode must be between 2 and 10 characters!"
"hungarian"	"checkout"	"checkout.php"	"error_country"	"Please select a country!"
"hungarian"	"checkout"	"checkout.php"	"error_zone"	"Please select a region / state!"
"hungarian"	"checkout"	"checkout.php"	"error_agree"	"Warning: You must agree to the %s!"
"hungarian"	"checkout"	"checkout.php"	"error_address"	"Warning: You must select address!"
"hungarian"	"checkout"	"checkout.php"	"error_shipping"	"Warning: Shipping method required!"
"hungarian"	"checkout"	"checkout.php"	"error_no_shipping"	"No Shipping options are available. Please <a href=""%s"">contact us</a> for assistance!"
"hungarian"	"checkout"	"checkout.php"	"error_payment"	"Warning: Payment method required!"
"hungarian"	"checkout"	"checkout.php"	"error_no_payment"	"Warning: No Payment options are available. Please <a href=""%s"">contact us</a> for assistance!"
"hungarian"	"checkout"	"cart.php"	"heading_title"	"Shopping Cart"
"hungarian"	"checkout"	"cart.php"	"text_weight"	"Cart Weight:"
"hungarian"	"checkout"	"cart.php"	"text_reward"	"Reward Points: %s"
"hungarian"	"checkout"	"cart.php"	"text_items"	"%s item(s) - %s"
"hungarian"	"checkout"	"cart.php"	"text_success"	"Success: You have added <a href=""%s"">%s</a> to your <a href=""%s"">shopping cart</a>!"
"hungarian"	"checkout"	"cart.php"	"text_empty"	"Your shopping cart is empty!"
"hungarian"	"checkout"	"cart.php"	"text_login"	"Attention: You must <a href=""%s"">login</a> or <a href=""%s"">create an account</a> to view prices!"
"hungarian"	"checkout"	"cart.php"	"column_remove"	"Remove"
"hungarian"	"checkout"	"cart.php"	"column_image"	"Image"
"hungarian"	"checkout"	"cart.php"	"column_name"	"Product Name"
"hungarian"	"checkout"	"cart.php"	"column_model"	"Model"
"hungarian"	"checkout"	"cart.php"	"column_quantity"	"Quantity"
"hungarian"	"checkout"	"cart.php"	"column_price"	"Unit Price"
"hungarian"	"checkout"	"cart.php"	"column_total"	"Total"
"hungarian"	"checkout"	"cart.php"	"error_stock"	"Products marked with *** are not available in the desired quantity or not in stock!"
"hungarian"	"checkout"	"cart.php"	"error_minimum"	"Minimum order amount for %s is %s!"
"hungarian"	"checkout"	"cart.php"	"error_required"	"%s required!"
"hungarian"	"checkout"	"success.php"	"heading_title"	"Your Order Has Been Processed!"
"hungarian"	"checkout"	"success.php"	"text_customer"	"<p>Your order has been successfully processed!</p><p>You can view your order history by going to the <a href=""%s"">my account</a> page and by clicking on <a href=""%s"">history</a>.</p>If your purchase has an associated download, you can goto the account <a href=""%s"">downloads</a> page to view them.</p><p>Please direct any questions you have to the <a href=""%s"">store owner</a>.</p><p>Thanks for shopping with us online!</p>"
"hungarian"	"checkout"	"success.php"	"text_guest"	"<p>Your order has been successfully processed!</p><p>Please direct any questions you have to the <a href=""%s"">store owner</a>.</p><p>Thanks for shopping with us online!</p>"
"hungarian"	"checkout"	"success.php"	"text_basket"	"Basket"
"hungarian"	"checkout"	"success.php"	"text_checkout"	"Checkout"
"hungarian"	"checkout"	"success.php"	"text_success"	"Success"
"hungarian"	"common"	"maintenance.php"	"heading_title"	"Maintenance"
"hungarian"	"common"	"maintenance.php"	"text_maintenance"	"Maintenance"
"hungarian"	"common"	"maintenance.php"	"text_message"	"<h1 style=""text-align:center;"">We are currently performing some scheduled maintenance. <br/>We will be back as soon as possible. Please check back soon.</h1>"
"hungarian"	"common"	"header.php"	"text_home"	"Home"
"hungarian"	"common"	"header.php"	"text_wishlist"	"Wish List (%s)"
"hungarian"	"common"	"header.php"	"text_cart"	"Shopping Cart"
"hungarian"	"common"	"header.php"	"text_items"	"%s item(s) - %s"
"hungarian"	"common"	"header.php"	"text_search"	"Search"
"hungarian"	"common"	"header.php"	"text_welcome"	"Welcome visitor you can <a href=""%s"">login</a> or <a href=""%s"">create an account</a>."
"hungarian"	"common"	"header.php"	"text_logged"	"You are logged in as <a href=""%s"">%s</a> <b>(</b> <a href=""%s"">Logout</a> <b>)</b>"
"hungarian"	"common"	"header.php"	"text_account"	"My Account"
"hungarian"	"common"	"header.php"	"text_checkout"	"Checkout"
"hungarian"	"common"	"header.php"	"text_language"	"Language"
"hungarian"	"common"	"header.php"	"text_currency"	"Currency"
"hungarian"	"common"	"footer.php"	"text_information"	"Information"
"hungarian"	"common"	"footer.php"	"text_service"	"Customer Service"
"hungarian"	"common"	"footer.php"	"text_extra"	"Extras"
"hungarian"	"common"	"footer.php"	"text_contact"	"Contact Us"
"hungarian"	"common"	"footer.php"	"text_return"	"Returns"
"hungarian"	"common"	"footer.php"	"text_sitemap"	"Site Map"
"hungarian"	"common"	"footer.php"	"text_manufacturer"	"Brands"
"hungarian"	"common"	"footer.php"	"text_voucher"	"Gift Vouchers"
"hungarian"	"common"	"footer.php"	"text_affiliate"	"Affiliates"
"hungarian"	"common"	"footer.php"	"text_special"	"Specials"
"hungarian"	"common"	"footer.php"	"text_account"	"My Account"
"hungarian"	"common"	"footer.php"	"text_order"	"Order History"
"hungarian"	"common"	"footer.php"	"text_wishlist"	"Wish List"
"hungarian"	"common"	"footer.php"	"text_newsletter"	"Newsletter"
"hungarian"	"common"	"footer.php"	"text_powered"	"Powered By <a href=""http://www.opencart.com"">OpenCart</a><br /> %s &copy; %s"
"hungarian"	"payment"	"pp_standard.php"	"text_title"	"PayPal"
"hungarian"	"payment"	"pp_standard.php"	"text_reason"	"REASON"
"hungarian"	"payment"	"pp_standard.php"	"text_testmode"	"Warning: The Payment Gateway is in 'Sandbox Mode'. Your account will not be charged."
"hungarian"	"payment"	"pp_standard.php"	"text_total"	"Shipping, Handling, Discounts & Taxes"
"hungarian"	"payment"	"cod.php"	"text_title"	"Cash On Delivery"
"hungarian"	"payment"	"bank_transfer.php"	"text_title"	"Bank Transfer"
"hungarian"	"payment"	"bank_transfer.php"	"text_instruction"	"Bank Transfer Instructions"
"hungarian"	"payment"	"bank_transfer.php"	"text_description"	"Please transfer the total amount to the following bank account."
"hungarian"	"payment"	"bank_transfer.php"	"text_payment"	"Your order will not ship until we receive payment."
"hungarian"	"payment"	"nochex.php"	"text_title"	"Credit Card / Debit Card (NOCHEX)"
"hungarian"	"payment"	"paymate.php"	"text_title"	"Credit Card / Debit Card (Paymate)"
"hungarian"	"payment"	"paymate.php"	"text_unable"	"Unable to locate or update your order status"
"hungarian"	"payment"	"paymate.php"	"text_declined"	"Payment was declined by Paymate"
"hungarian"	"payment"	"paymate.php"	"text_failed"	"Paymate Transaction Failed"
"hungarian"	"payment"	"paymate.php"	"text_failed_message"	"<p>Unfortunately there was an error processing your Paymate transaction.</p><p><b>Warning: </b>%s</p><p>Please verify your Paymate account balance before attempting to re-process this order</p><p> If you believe this transaction has completed successfully, or is showing as a deduction in your Paymate account, please <a href=""%s"">Contact Us</a> with your order details.</p>"
"hungarian"	"payment"	"sagepay_us.php"	"text_title"	"Credit Card / Debit Card (SagePay)"
"hungarian"	"payment"	"sagepay_us.php"	"text_credit_card"	"Credit Card Details"
"hungarian"	"payment"	"sagepay_us.php"	"text_wait"	"Please wait!"
"hungarian"	"payment"	"sagepay_us.php"	"entry_cc_owner"	"Card Owner:"
"hungarian"	"payment"	"sagepay_us.php"	"entry_cc_number"	"Card Number:"
"hungarian"	"payment"	"sagepay_us.php"	"entry_cc_expire_date"	"Card Expiry Date:"
"hungarian"	"payment"	"sagepay_us.php"	"entry_cc_cvv2"	"Card Security Code (CVV2):"
"hungarian"	"payment"	"asiapay.php"	"text_title"	"Credit Card / Debit Card (AsiaPay)"
"hungarian"	"payment"	"perpetual_payments.php"	"text_title"	"Credit or Debit Card (Processed securely by Perpetual Payments)"
"hungarian"	"payment"	"perpetual_payments.php"	"text_credit_card"	"Credit Card Details"
"hungarian"	"payment"	"perpetual_payments.php"	"text_start_date"	"(if available)"
"hungarian"	"payment"	"perpetual_payments.php"	"text_issue"	"(for Maestro and Solo cards only)"
"hungarian"	"payment"	"perpetual_payments.php"	"text_wait"	"Please wait!"
"hungarian"	"payment"	"perpetual_payments.php"	"text_transaction"	"Transaction ID:"
"hungarian"	"payment"	"perpetual_payments.php"	"text_avs"	"AVS/CVV:"
"hungarian"	"payment"	"perpetual_payments.php"	"text_avs_full_match"	"Full match"
"hungarian"	"payment"	"perpetual_payments.php"	"text_avs_not_match"	"Not matched"
"hungarian"	"payment"	"perpetual_payments.php"	"text_authorisation"	"Authorisation code:"
"hungarian"	"payment"	"perpetual_payments.php"	"entry_cc_number"	"Card Number:"
"hungarian"	"payment"	"perpetual_payments.php"	"entry_cc_start_date"	"Card Valid From Date:"
"hungarian"	"payment"	"perpetual_payments.php"	"entry_cc_expire_date"	"Card Expiry Date:"
"hungarian"	"payment"	"perpetual_payments.php"	"entry_cc_cvv2"	"Card Security Code (CVV2):"
"hungarian"	"payment"	"perpetual_payments.php"	"entry_cc_issue"	"Card Issue Number:"
"hungarian"	"payment"	"bluepay.php"	"text_title"	"Credit Card / Debit Card (BluePay)"
"hungarian"	"payment"	"free_checkout.php"	"text_title"	"Free Checkout"
"hungarian"	"payment"	"google_checkout.php"	"entry_postcode"	"Post Code:"
"hungarian"	"payment"	"google_checkout.php"	"entry_country"	"Country:"
"hungarian"	"payment"	"google_checkout.php"	"entry_zone"	"Region / State:"
"hungarian"	"payment"	"pp_pro.php"	"text_title"	"Credit or Debit Card (Processed securely by PayPal)"
"hungarian"	"payment"	"pp_pro.php"	"text_credit_card"	"Credit Card Details"
"hungarian"	"payment"	"pp_pro.php"	"text_start_date"	"(if available)"
"hungarian"	"payment"	"pp_pro.php"	"text_issue"	"(for Maestro and Solo cards only)"
"hungarian"	"payment"	"pp_pro.php"	"text_wait"	"Please wait!"
"hungarian"	"payment"	"pp_pro.php"	"entry_cc_type"	"Card Type:"
"hungarian"	"payment"	"pp_pro.php"	"entry_cc_number"	"Card Number:"
"hungarian"	"payment"	"pp_pro.php"	"entry_cc_start_date"	"Card Valid From Date:"
"hungarian"	"payment"	"pp_pro.php"	"entry_cc_expire_date"	"Card Expiry Date:"
"hungarian"	"payment"	"pp_pro.php"	"entry_cc_cvv2"	"Card Security Code (CVV2):"
"hungarian"	"payment"	"pp_pro.php"	"entry_cc_issue"	"Card Issue Number:"
"hungarian"	"payment"	"liqpay.php"	"text_title"	"Credit Card / Debit Card (LiqPay)"
"hungarian"	"payment"	"verisign.php"	"text_title"	"Credit Card / Debit Card (VeriSign)"
"hungarian"	"payment"	"authorizenet_aim.php"	"text_title"	"Credit Card / Debit Card (Authorize.Net)"
"hungarian"	"payment"	"authorizenet_aim.php"	"text_credit_card"	"Credit Card Details"
"hungarian"	"payment"	"authorizenet_aim.php"	"text_wait"	"Please wait!"
"hungarian"	"payment"	"authorizenet_aim.php"	"entry_cc_owner"	"Card Owner:"
"hungarian"	"payment"	"authorizenet_aim.php"	"entry_cc_number"	"Card Number:"
"hungarian"	"payment"	"authorizenet_aim.php"	"entry_cc_expire_date"	"Card Expiry Date:"
"hungarian"	"payment"	"authorizenet_aim.php"	"entry_cc_cvv2"	"Card Security Code (CVV2):"
"hungarian"	"payment"	"cheque.php"	"text_title"	"Cheque / Money Order Instructions"
"hungarian"	"payment"	"cheque.php"	"text_instruction"	"Cheque / Money Order"
"hungarian"	"payment"	"cheque.php"	"text_payable"	"Make Payable To: "
"hungarian"	"payment"	"cheque.php"	"text_address"	"Send To: "
"hungarian"	"payment"	"cheque.php"	"text_payment"	"Your order will not ship until we receive payment."
"hungarian"	"payment"	"malse.php"	"text_title"	"Credit Card / Debit Card (Mal's e-commerce)"
"hungarian"	"payment"	"chronopay.php"	"text_title"	"Credit Card / Debit Card (ChronoPay)"
"hungarian"	"payment"	"secpay.php"	"text_title"	"Credit Card / Debit Card (SECPay)"
"hungarian"	"payment"	"sagepay.php"	"text_title"	"Credit Card / Debit Card (SagePay)"
"hungarian"	"payment"	"sagepay.php"	"text_description"	"Items on %s Order No: %s"
"hungarian"	"payment"	"payjunction.php"	"text_title"	"Credit Card / Debit Card (PayJunction)"
"hungarian"	"payment"	"ccnow.php"	"text_title"	"Credit Card / Debit Card (CCNow)"
"hungarian"	"payment"	"egold.php"	"text_title"	"Credit Card / Debit Card (eGold)"
"hungarian"	"payment"	"moneybookers.php"	"text_title"	"Credit Card / Debit Card (Moneybookers)"
"hungarian"	"payment"	"worldpay.php"	"heading_title"	"Thank you for shopping with %s .... "
"hungarian"	"payment"	"worldpay.php"	"text_title"	"Credit Card / Debit Card (WorldPay)"
"hungarian"	"payment"	"worldpay.php"	"text_response"	"Response from WorldPay:"
"hungarian"	"payment"	"worldpay.php"	"text_success"	"... your payment was successfully received."
"hungarian"	"payment"	"worldpay.php"	"text_success_wait"	"<b><span style=""color: #FF0000"">Please wait...</span></b> whilst we finish processing your order.<br>If you are not automatically re-directed in 10 seconds, please click <a href=""%s"">here</a>."
"hungarian"	"payment"	"worldpay.php"	"text_failure"	"... Your payment has been cancelled!"
"hungarian"	"payment"	"worldpay.php"	"text_failure_wait"	"<b><span style=""color: #FF0000"">Please wait...</span></b><br>If you are not automatically re-directed in 10 seconds, please click <a href=""%s"">here</a>."
"hungarian"	"payment"	"pp_express.php"	"text_title"	"PayPal Express (including Credit Cards and Debit Cards)"
"hungarian"	"payment"	"alertpay.php"	"text_title"	"Credit Card / Debit Card (AlertPay)"
"hungarian"	"payment"	"hsbc.php"	"text_title"	"Credit Card / Debit Card (HSBC)"
"hungarian"	"payment"	"psigate.php"	"text_title"	"Credit Card / Debit Card (PSIGate)"
"hungarian"	"payment"	"sagepay_direct.php"	"text_title"	"Credit Card / Debit Card (SagePay)"
"hungarian"	"payment"	"sagepay_direct.php"	"text_credit_card"	"Credit Card Details"
"hungarian"	"payment"	"sagepay_direct.php"	"text_start_date"	"(if available)"
"hungarian"	"payment"	"sagepay_direct.php"	"text_issue"	"(for Maestro and Solo cards only)"
"hungarian"	"payment"	"sagepay_direct.php"	"text_wait"	"Please wait!"
"hungarian"	"payment"	"sagepay_direct.php"	"entry_cc_owner"	"Card Owner:"
"hungarian"	"payment"	"sagepay_direct.php"	"entry_cc_type"	"Card Type:"
"hungarian"	"payment"	"sagepay_direct.php"	"entry_cc_number"	"Card Number:"
"hungarian"	"payment"	"sagepay_direct.php"	"entry_cc_start_date"	"Card Valid From Date:"
"hungarian"	"payment"	"sagepay_direct.php"	"entry_cc_expire_date"	"Card Expiry Date:"
"hungarian"	"payment"	"sagepay_direct.php"	"entry_cc_cvv2"	"Card Security Code (CVV2):"
"hungarian"	"payment"	"sagepay_direct.php"	"entry_cc_issue"	"Card Issue Number:"
"hungarian"	"payment"	"eway.php"	"text_title"	"Credit Card / Debit Card (eWay)"
"hungarian"	"payment"	"twocheckout.php"	"text_title"	"Credit Card / Debit Card (2Checkout)"
"hungarian"	"payment"	"authorizenet_sim.php"	"text_title"	"Credit Card / Debit Card (Authorize.Net)"
"hungarian"	"payment"	"web_payment_software.php"	"text_title"	"Credit Card / Debit Card (Web Payment Software)"
"hungarian"	"payment"	"web_payment_software.php"	"text_credit_card"	"Credit Card Details"
"hungarian"	"payment"	"web_payment_software.php"	"text_wait"	"Please wait!"
"hungarian"	"payment"	"web_payment_software.php"	"entry_cc_owner"	"Card Owner:"
"hungarian"	"payment"	"web_payment_software.php"	"entry_cc_number"	"Card Number:"
"hungarian"	"payment"	"web_payment_software.php"	"entry_cc_expire_date"	"Card Expiry Date:"
"hungarian"	"payment"	"web_payment_software.php"	"entry_cc_cvv2"	"Card Security Code (CVV2):"
"hungarian"	"payment"	"linkpoint.php"	"text_title"	"Credit Card / Debit Card (LinkPoint)"
"hungarian"	"payment"	"paypoint.php"	"heading_title"	"Thank you for shopping with %s .... "
"hungarian"	"payment"	"paypoint.php"	"text_title"	"Credit Card / Debit Card (PayPoint)"
"hungarian"	"payment"	"paypoint.php"	"text_response"	"Response from PayPoint:"
"hungarian"	"payment"	"paypoint.php"	"text_success"	"... your payment was successfully received."
"hungarian"	"payment"	"paypoint.php"	"text_success_wait"	"<b><span style=""color: #FF0000"">Please wait...</span></b> whilst we finish processing your order.<br>If you are not automatically re-directed in 10 seconds, please click <a href=""%s"">here</a>."
"hungarian"	"payment"	"paypoint.php"	"text_failure"	"... Your payment has been cancelled!"
"hungarian"	"payment"	"paypoint.php"	"text_failure_wait"	"<b><span style=""color: #FF0000"">Please wait...</span></b><br>If you are not automatically re-directed in 10 seconds, please click <a href=""%s"">here</a>."
"hungarian"	"payment"	"ccavenue.php"	"text_title"	"Credit Card / Debit Card (CCAvenue)"
"hungarian"	"payment"	"pp_pro_uk.php"	"text_title"	"Credit or Debit Card (Processed securely by PayPal)"
"hungarian"	"payment"	"pp_pro_uk.php"	"text_credit_card"	"Credit Card Details"
"hungarian"	"payment"	"pp_pro_uk.php"	"text_start_date"	"(if available)"
"hungarian"	"payment"	"pp_pro_uk.php"	"text_issue"	"(for Maestro and Solo cards only)"
"hungarian"	"payment"	"pp_pro_uk.php"	"text_wait"	"Please wait!"
"hungarian"	"payment"	"pp_pro_uk.php"	"entry_cc_owner"	"Card Owner:"
"hungarian"	"payment"	"pp_pro_uk.php"	"entry_cc_type"	"Card Type:"
"hungarian"	"payment"	"pp_pro_uk.php"	"entry_cc_number"	"Card Number:"
"hungarian"	"payment"	"pp_pro_uk.php"	"entry_cc_start_date"	"Card Valid From Date:"
"hungarian"	"payment"	"pp_pro_uk.php"	"entry_cc_expire_date"	"Card Expiry Date:"
"hungarian"	"payment"	"pp_pro_uk.php"	"entry_cc_cvv2"	"Card Security Code (CVV2):"
"hungarian"	"payment"	"pp_pro_uk.php"	"entry_cc_issue"	"Card Issue Number:"
"hungarian"	"payment"	"pp_pro_uk.php"	"error_required"	"Warning: All payment information fields are required."
"hungarian"	"payment"	"pp_pro_uk.php"	"error_general"	"Warning: A general problem has occurred with the transaction. Please try again."
"hungarian"	"payment"	"pp_pro_uk.php"	"error_config"	"Warning: Payment module configuration error. Please verify the login credentials."
"hungarian"	"payment"	"pp_pro_uk.php"	"error_address"	"Warning: A match of the Payment Address City, State, and Postal Code failed. Please try again."
"hungarian"	"payment"	"pp_pro_uk.php"	"error_declined"	"Warning: This transaction has been declined. Please try again."
"hungarian"	"payment"	"pp_pro_uk.php"	"error_invalid"	"Warning: The provided credit card information is invalid. Please try again."
